"score","id","category","primary_query","secondary_queries","url","stock","price"
"108","801","Fren Pabucu","Fren Pabucu BPW ECOPlus 20 cm OEM (A) H4 EYD 80 03","BPW dorse dingili Fren Pabucu | BPW dorse dingili (A) H4 | (A) H4 Fren Pabucu | EYD 80 03 Fren Pabucu | Fren Pabucu BPW ECOPlus 20 cm","https://www.frenciniz.com/urun/801/fren-pabucu-bpw-ecoplus-20-cm-oem-a-h4-eyd-80-03-ekersan","1521","1141.8"
"108","231","Fren Diski","Fren Diski Mercedes Actros Axor OEM 9434210312 ESD 010 12","Mercedes-Benz Actros Fren Diski | Mercedes-Benz Actros 9434210312 | 9434210312 Fren Diski | ESD 010 12 Fren Diski | Fren Diski Mercedes Actros Axor","https://www.frenciniz.com/urun/231/fren-diski-mercedes-actros-axor-oem-9434210312-esd-010-12-ekersan","1291","3857.59"
"108","234","Fren Diski","Fren Diski Mercedes Actros Axor OEM 9424211212 ESD 010 02","Mercedes-Benz Actros Fren Diski | Mercedes-Benz Actros 9424211212 | 9424211212 Fren Diski | ESD 010 02 Fren Diski | Fren Diski Mercedes Actros Axor","https://www.frenciniz.com/urun/234/fren-diski-mercedes-actros-axor-oem-9424211212-esd-010-02-ekersan","1286","3857.59"
"108","186","Fren Diski","Fren Diski BPW ECOPlus OEM 0308835050 ESD 070 23","BPW dorse dingili Fren Diski | BPW dorse dingili 0308835050 | 0308835050 Fren Diski | ESD 070 23 Fren Diski | Fren Diski BPW ECOPlus","https://www.frenciniz.com/urun/186/fren-diski-bpw-ecoplus-oem-0308835050-esd-070-23-ekersan","1244","4126.36"
"108","216","Fren Diski","Fren Diski Iveco Eurocargo Stralis OEM 2995812 ESD 030 09","Iveco Eurocargo Fren Diski | Iveco Eurocargo 2995812 | 2995812 Fren Diski | ESD 030 09 Fren Diski | Fren Diski Iveco Eurocargo Stralis","https://www.frenciniz.com/urun/216/fren-diski-iveco-eurocargo-stralis-oem-2995812-esd-030-09-ekersan","534","4849.54"
"108","227","Fren Diski","Fren Diski Mercedes Actros Arocs Axor OEM 9604210412 ESD 010 27","Mercedes-Benz Actros Fren Diski | Mercedes-Benz Actros 9604210412 | 9604210412 Fren Diski | ESD 010 27 Fren Diski | Fren Diski Mercedes Actros Arocs Axor","https://www.frenciniz.com/urun/227/fren-diski-mercedes-actros-arocs-axor-oem-9604210412-esd-010-27-ekersan","442","4273.32"
"108","224","Fren Diski","Fren Diski MAN TGA TGM TGS TGX OEM 81508030040 ESD 020 09","MAN TGA Fren Diski | MAN TGA 81508030040 | 81508030040 Fren Diski | ESD 020 09 Fren Diski | Fren Diski MAN TGA TGM TGS TGX","https://www.frenciniz.com/urun/224/fren-diski-man-tga-tgm-tgs-tgx-oem-81508030040-esd-020-09-ekersan","437","4137.96"
"108","169","Fren Diski","Fren Diski Mercedes Travego Tourismo OEM 82135830 ESD 140 01","Otokar Doruk Fren Diski | Otokar Doruk 82135830 | 82135830 Fren Diski | ESD 140 01 Fren Diski | Fren Diski Mercedes Travego Tourismo","https://www.frenciniz.com/urun/169/fren-diski-mercedes-travego-tourismo-oem-82135830-esd-140-01-ekersan","369","4604.94"
"108","223","Fren Diski","Fren Diski MAN TGA TGM TGS TGX OEM 81508030041 ESD 020 10","MAN TGA Fren Diski | MAN TGA 81508030041 | 81508030041 Fren Diski | ESD 020 10 Fren Diski | Fren Diski MAN TGA TGM TGS TGX","https://www.frenciniz.com/urun/223/fren-diski-man-tga-tgm-tgs-tgx-oem-81508030041-esd-020-10-ekersan","364","4137.96"
"108","203","Fren Diski","Fren Diski Scania P G R OEM 1387439 ESD 060 02","Scania 4 serisi Fren Diski | Scania 4 serisi 1387439 | 1387439 Fren Diski | ESD 060 02 Fren Diski | Fren Diski Scania P G R","https://www.frenciniz.com/urun/203/fren-diski-scania-p-g-r-oem-1387439-esd-060-02-ekersan","357","3594.62"
"108","193","Fren Diski","Fren Diski SAF Holland OEM 407000500 ESD 070 12","SAF dorse dingili Fren Diski | SAF dorse dingili 407000500 | 407000500 Fren Diski | ESD 070 12 Fren Diski | Fren Diski SAF Holland","https://www.frenciniz.com/urun/193/fren-diski-saf-holland-oem-407000500-esd-070-12-ekersan","334","3962"
"108","188","Fren Diski","Fren Diski BPW ECOPlus OEM 0308835030 ESD 070 20","BPW dorse dingili Fren Diski | BPW dorse dingili 0308835030 | 0308835030 Fren Diski | ESD 070 20 Fren Diski | Fren Diski BPW ECOPlus","https://www.frenciniz.com/urun/188/fren-diski-bpw-ecoplus-oem-0308835030-esd-070-20-ekersan","310","4126.36"
"108","182","Fren Diski","Fren Diski Scania P G R OEM 1386686 ESD 080 01","Scania 4 serisi Fren Diski | Scania 4 serisi 1386686 | 1386686 Fren Diski | ESD 080 01 Fren Diski | Fren Diski Scania P G R","https://www.frenciniz.com/urun/182/fren-diski-scania-p-g-r-oem-1386686-esd-080-01-ekersan","301","3817.95"
"108","846","Fren Pabucu","Fren Pabucu Renault Premium Magnum Kerax Midlum Volvo FH FH12 FM FL BMC Probus Profesyonel OEM (A) F4 EYD 206 38","Volvo FH Fren Pabucu | Volvo FH (A) F4 | (A) F4 Fren Pabucu | EYD 206 38 Fren Pabucu | Fren Pabucu Renault Premium Magnum Kerax Midlum Volvo FH FH12 FM FL BMC Probus Profesyonel","https://www.frenciniz.com/urun/846/fren-pabucu-renault-premium-magnum-kerax-midlum-volvo-fh-fh12-fm-fl-bmc-probus-profesyonel-oem","301","1102.2"
"108","175","Fren Diski","Fren Diski Volvo FH FM FL OEM 85103803 ESD 110 01","Volvo FH Fren Diski | Volvo FH 85103803 | 85103803 Fren Diski | ESD 110 01 Fren Diski | Fren Diski Volvo FH FM FL","https://www.frenciniz.com/urun/175/fren-diski-volvo-fh-fm-fl-oem-85103803-esd-110-01-ekersan","290","3722.23"
"108","847","Fren Pabucu","Fren Pabucu Renault Premium Magnum Kerax Midlum Volvo FH FH12 FM FL BMC Probus Profesyonel OEM (A) F4 EYD 206 37","Volvo FH Fren Pabucu | Volvo FH (A) F4 | (A) F4 Fren Pabucu | EYD 206 37 Fren Pabucu | Fren Pabucu Renault Premium Magnum Kerax Midlum Volvo FH FH12 FM FL BMC Probus Profesyonel","https://www.frenciniz.com/urun/847/fren-pabucu-renault-premium-magnum-kerax-midlum-volvo-fh-fh12-fm-fl-bmc-probus-profesyonel-oem","287","1102.2"
"108","190","Fren Diski","Fren Diski SAF Holland OEM 4079001300 ESD 070 15","SAF dorse dingili Fren Diski | SAF dorse dingili 4079001300 | 4079001300 Fren Diski | ESD 070 15 Fren Diski | Fren Diski SAF Holland","https://www.frenciniz.com/urun/190/fren-diski-saf-holland-oem-4079001300-esd-070-15-ekersan","271","3509.54"
"108","201","Fren Diski","Fren Diski BPW ECOPlus OEM 308834020 ESD 070 02","BPW dorse dingili Fren Diski | BPW dorse dingili 308834020 | 308834020 Fren Diski | ESD 070 02 Fren Diski | Fren Diski BPW ECOPlus","https://www.frenciniz.com/urun/201/fren-diski-bpw-ecoplus-oem-308834020-esd-070-02-ekersan","241","4636.84"
"108","220","Fren Diski","Fren Diski Iveco Eurocargo Stralis OEM 1906461 ESD 030 02","Iveco Eurocargo Fren Diski | Iveco Eurocargo 1906461 | 1906461 Fren Diski | ESD 030 02 Fren Diski | Fren Diski Iveco Eurocargo Stralis","https://www.frenciniz.com/urun/220/fren-diski-iveco-eurocargo-stralis-oem-1906461-esd-030-02-ekersan","241","4604.94"
"108","74","Fren Diski","Fren Diski Ford Cargo WABCO ABS EBS Ön Arka 1846 OEM DC462A315AA ESD 120 03-1","Ford Cargo Fren Diski | Ford Cargo DC462A315AA | DC462A315AA Fren Diski | ESD 120 03-1 Fren Diski | Fren Diski Ford Cargo WABCO ABS EBS Ön Arka 1846","https://www.frenciniz.com/urun/74/fren-diski-ford-cargo-wabco-abs-ebs-on-arka-1846-oem-dc462a315aa-esd-120-03-1-ekersan","223","4700.65"
"108","800","Fren Pabucu","Fren Pabucu BPW ECOPlus 18 cm OEM (A) F4 EYD 80 04","BPW dorse dingili Fren Pabucu | BPW dorse dingili (A) F4 | (A) F4 Fren Pabucu | EYD 80 04 Fren Pabucu | Fren Pabucu BPW ECOPlus 18 cm","https://www.frenciniz.com/urun/800/fren-pabucu-bpw-ecoplus-18-cm-oem-a-f4-eyd-80-04-ekersan","213","1141.8"
"108","226","Fren Diski","Fren Diski MAN L2000 M2000 OEM 81508030026 ESD 020 04","MAN L2000 Fren Diski | MAN L2000 81508030026 | 81508030026 Fren Diski | ESD 020 04 Fren Diski | Fren Diski MAN L2000 M2000","https://www.frenciniz.com/urun/226/fren-diski-man-l2000-m2000-oem-81508030026-esd-020-04-ekersan","207","2680.01"
"108","215","Fren Diski","Fren Diski Iveco Eurocargo Stralis Trakker 6 cm 14 Delik Ön 220 OEM 7187541 ESD 030 10","Iveco Eurocargo Fren Diski | Iveco Eurocargo 7187541 | 7187541 Fren Diski | ESD 030 10 Fren Diski | Fren Diski Iveco Eurocargo Stralis Trakker 6 cm 14 Delik Ön 220","https://www.frenciniz.com/urun/215/fren-diski-iveco-eurocargo-stralis-trakker-6-cm-14-delik-on-220-oem-7187541-esd-030-10-ekersan","206","3924.3"
"108","225","Fren Diski","Fren Diski MAN L2000 M2000 OEM 81508030024 ESD 020 05","MAN L2000 Fren Diski | MAN L2000 81508030024 | 81508030024 Fren Diski | ESD 020 05 Fren Diski | Fren Diski MAN L2000 M2000","https://www.frenciniz.com/urun/225/fren-diski-man-l2000-m2000-oem-81508030024-esd-020-05-ekersan","196","2807.63"
"108","200","Fren Diski","Fren Diski SAF Holland OEM 4079000410 ESD 070 03","SAF dorse dingili Fren Diski | SAF dorse dingili 4079000410 | 4079000410 Fren Diski | ESD 070 03 Fren Diski | Fren Diski SAF Holland","https://www.frenciniz.com/urun/200/fren-diski-saf-holland-oem-4079000410-esd-070-03-ekersan","170","4168.9"
"108","72","Fren Diski","Fren Diski MAN L2000 TGL TGM OEM 81508030042 ESD 020 12","MAN TGM Fren Diski | MAN TGM 81508030042 | 81508030042 Fren Diski | ESD 020 12 Fren Diski | Fren Diski MAN L2000 TGL TGM","https://www.frenciniz.com/urun/72/fren-diski-man-l2000-tgl-tgm-oem-81508030042-esd-020-12-ekersan","167","2903.34"
"108","180","Fren Diski","Fren Diski Otokar Doruk Sultan Ön SKU ESD 090 04","Otokar Doruk Fren Diski | Otokar Doruk ESD 090 04 | ESD 090 04 Fren Diski | Fren Diski Otokar Doruk Sultan Ön","https://www.frenciniz.com/urun/180/fren-diski-otokar-doruk-sultan-on-sku-esd-090-04-ekersan","157","4636.84"
"108","181","Fren Diski","Fren Diski Otokar Doruk Sultan Ön OEM 13C2505572BA ESD 090 02","Otokar Doruk Fren Diski | Otokar Doruk 13C2505572BA | 13C2505572BA Fren Diski | ESD 090 02 Fren Diski | Fren Diski Otokar Doruk Sultan Ön","https://www.frenciniz.com/urun/181/fren-diski-otokar-doruk-sultan-on-oem-13c2505572ba-esd-090-02-ekersan","157","3445.73"
"108","496","Fren Pabucu","Fren Pabucu BPW ECOPlus Y.M 360 200 OEM 05.091.19.34.0 03.7100.300.031.00","BPW dorse dingili Fren Pabucu | BPW dorse dingili 05.091.19.34.0 | 05.091.19.34.0 Fren Pabucu | 03.7100.300.031.00 Fren Pabucu | Fren Pabucu BPW ECOPlus Y.M 360 200","https://www.frenciniz.com/urun/496/fren-pabucu-bpw-ecoplus-y-m-360-200-oem-05-091-19-34-0-03-7100-300-031-00-ekersan","144","1062.6"
"108","170","Fren Diski","Fren Diski Isuzu Novo NovoCiti Life CitiLife OEM 377777391054 ESD 130 02","Isuzu Novo Fren Diski | Isuzu Novo 377777391054 | 377777391054 Fren Diski | ESD 130 02 Fren Diski | Fren Diski Isuzu Novo NovoCiti Life CitiLife","https://www.frenciniz.com/urun/170/fren-diski-isuzu-novo-novociti-life-citilife-oem-377777391054-esd-130-02-ekersan","140","3233.03"
"108","233","Fren Diski","Fren Diski Mercedes Actros Axor OEM 9754230612 ESD 010 03","Mercedes-Benz Actros Fren Diski | Mercedes-Benz Actros 9754230612 | 9754230612 Fren Diski | ESD 010 03 Fren Diski | Fren Diski Mercedes Actros Axor","https://www.frenciniz.com/urun/233/fren-diski-mercedes-actros-axor-oem-9754230612-esd-010-03-ekersan","129","3789.91"
"108","198","Fren Diski","Fren Diski BPW ECOPlus OEM 0308834040 ESD 070 05","BPW dorse dingili Fren Diski | BPW dorse dingili 0308834040 | 0308834040 Fren Diski | ESD 070 05 Fren Diski | Fren Diski BPW ECOPlus","https://www.frenciniz.com/urun/198/fren-diski-bpw-ecoplus-oem-0308834040-esd-070-05-ekersan","119","4573.03"
"108","196","Fren Diski","Fren Diski BPW ECOPlus OEM 0308834100 ESD 070 07","BPW dorse dingili Fren Diski | BPW dorse dingili 0308834100 | 0308834100 Fren Diski | ESD 070 07 Fren Diski | Fren Diski BPW ECOPlus","https://www.frenciniz.com/urun/196/fren-diski-bpw-ecoplus-oem-0308834100-esd-070-07-ekersan","118","4573.03"
"108","177","Fren Diski","Fren Diski Karsan Atak Ön OEM 3050037 ESD 090 08","Karsan Atak Fren Diski | Karsan Atak 3050037 | 3050037 Fren Diski | ESD 090 08 Fren Diski | Fren Diski Karsan Atak Ön","https://www.frenciniz.com/urun/177/fren-diski-karsan-atak-on-oem-3050037-esd-090-08-ekersan","116","4424.14"
"108","644","Fren Pabucu","Fren Pabucu Mercedes Actros Axor 22 cm OEM 624.420.02.19 EYD 206 08","Mercedes-Benz Actros Fren Pabucu | Mercedes-Benz Actros 624.420.02.19 | 624.420.02.19 Fren Pabucu | EYD 206 08 Fren Pabucu | Fren Pabucu Mercedes Actros Axor 22 cm","https://www.frenciniz.com/urun/644/fren-pabucu-mercedes-actros-axor-22-cm-oem-624-420-02-19-eyd-206-08-ekersan","116","2145"
"108","222","Fren Diski","Fren Diski MAN TGL OEM 81508030063 ESD 020 13","MAN TGL Fren Diski | MAN TGL 81508030063 | 81508030063 Fren Diski | ESD 020 13 Fren Diski | Fren Diski MAN TGL","https://www.frenciniz.com/urun/222/fren-diski-man-tgl-oem-81508030063-esd-020-13-ekersan","110","2903.34"
"108","195","Fren Diski","Fren Diski BPW ECOPlus OEM 0308834010 ESD 070 10","BPW dorse dingili Fren Diski | BPW dorse dingili 0308834010 | 0308834010 Fren Diski | ESD 070 10 Fren Diski | Fren Diski BPW ECOPlus","https://www.frenciniz.com/urun/195/fren-diski-bpw-ecoplus-oem-0308834010-esd-070-10-ekersan","109","4551.76"
"108","235","Fren Diski","Fren Diski Mercedes Actros Axor OEM 3564211012 ESD 010 01","Mercedes-Benz Actros Fren Diski | Mercedes-Benz Actros 3564211012 | 3564211012 Fren Diski | ESD 010 01 Fren Diski | Fren Diski Mercedes Actros Axor","https://www.frenciniz.com/urun/235/fren-diski-mercedes-actros-axor-oem-3564211012-esd-010-01-ekersan","108","4604.94"
"108","184","Fren Diski","Fren Diski ROR Meritor OEM 1176816 ESD 070 25","ROR dorse dingili Fren Diski | ROR dorse dingili 1176816 | 1176816 Fren Diski | ESD 070 25 Fren Diski | Fren Diski ROR Meritor","https://www.frenciniz.com/urun/184/fren-diski-ror-meritor-oem-1176816-esd-070-25-ekersan","103","5062.24"
"108","187","Fren Diski","Fren Diski SAF Holland OEM 4079001700 ESD 070 22","SAF dorse dingili Fren Diski | SAF dorse dingili 4079001700 | 4079001700 Fren Diski | ESD 070 22 Fren Diski | Fren Diski SAF Holland","https://www.frenciniz.com/urun/187/fren-diski-saf-holland-oem-4079001700-esd-070-22-ekersan","100","4849.54"
"108","171","Fren Diski","Fren Diski Isuzu Novo NovoCiti Life CitiLife Arka OEM 3870143170 ESD 130 01","Isuzu Novo Fren Diski | Isuzu Novo 3870143170 | 3870143170 Fren Diski | ESD 130 01 Fren Diski | Fren Diski Isuzu Novo NovoCiti Life CitiLife Arka","https://www.frenciniz.com/urun/171/fren-diski-isuzu-novo-novociti-life-citilife-arka-oem-3870143170-esd-130-01-ekersan","99","3445.73"
"108","185","Fren Diski","Fren Diski ROR Meritor OEM 1088133 ESD 070 24","ROR dorse dingili Fren Diski | ROR dorse dingili 1088133 | 1088133 Fren Diski | ESD 070 24 Fren Diski | Fren Diski ROR Meritor","https://www.frenciniz.com/urun/185/fren-diski-ror-meritor-oem-1088133-esd-070-24-ekersan","97","4950.09"
"108","280","Fren Diski","Fren Diski Volvo FH FM FL OEM 85103803 ESD 110 01-1","Volvo FH Fren Diski | Volvo FH 85103803 | 85103803 Fren Diski | ESD 110 01-1 Fren Diski | Fren Diski Volvo FH FM FL","https://www.frenciniz.com/urun/280/fren-diski-volvo-fh-fm-fl-oem-85103803-esd-110-01-1-ekersan","96","3722.24"
"108","232","Fren Diski","Fren Diski Mercedes Atego Tourino OEM 9754210212 ESD 010 04","Mercedes-Benz Atego Fren Diski | Mercedes-Benz Atego 9754210212 | 9754210212 Fren Diski | ESD 010 04 Fren Diski | Fren Diski Mercedes Atego Tourino","https://www.frenciniz.com/urun/232/fren-diski-mercedes-atego-tourino-oem-9754210212-esd-010-04-ekersan","94","3789.91"
"108","279","Fren Diski","Fren Diski Volvo FH FM FL OEM 85103803 ESD 110 01-3","Volvo FH Fren Diski | Volvo FH 85103803 | 85103803 Fren Diski | ESD 110 01-3 Fren Diski | Fren Diski Volvo FH FM FL","https://www.frenciniz.com/urun/279/fren-diski-volvo-fh-fm-fl-oem-85103803-esd-110-01-3-ekersan","90","3840.54"
"108","194","Fren Diski","Fren Diski Dorse Treyler 8 Delik 160 230 OEM 0308834010 ESD 070 10-1","BPW dorse dingili Fren Diski | BPW dorse dingili 0308834010 | 0308834010 Fren Diski | ESD 070 10-1 Fren Diski | Fren Diski Dorse Treyler 8 Delik 160 230","https://www.frenciniz.com/urun/194/fren-diski-dorse-treyler-8-delik-160-230-oem-0308834010-esd-070-10-1-ekersan","87","4636.84"
"108","210","Fren Diski","Fren Diski Iveco Eurocargo Stralis Trakker WABCO ABS EBS Arka 110 OEM 7189456 ESD 030 20","Iveco Eurocargo Fren Diski | Iveco Eurocargo 7189456 | 7189456 Fren Diski | ESD 030 20 Fren Diski | Fren Diski Iveco Eurocargo Stralis Trakker WABCO ABS EBS Arka 110","https://www.frenciniz.com/urun/210/fren-diski-iveco-eurocargo-stralis-trakker-wabco-abs-ebs-arka-110-oem-7189456-esd-030-20-ekersan","86","4094.46"
"108","859","Fren Pabucu","Fren Pabucu Volvo FH FH12 FM FL BMC Probus Profesyonel Fatih Pro 5 cm OEM (A) G4 EYD 206 01-1","Volvo FH Fren Pabucu | Volvo FH (A) G4 | (A) G4 Fren Pabucu | EYD 206 01-1 Fren Pabucu | Fren Pabucu Volvo FH FH12 FM FL BMC Probus Profesyonel Fatih Pro 5 cm","https://www.frenciniz.com/urun/859/fren-pabucu-volvo-fh-fh12-fm-fl-bmc-probus-profesyonel-fatih-pro-5-cm-oem-a-g4-eyd-206-01-1","85","924"
"108","174","Fren Diski","Fren Diski ESD 110 01 2 SKU ESD 110 01-2","Kamyon Fren Diski | Kamyon ESD 110 01-2 | ESD 110 01-2 Fren Diski | Fren Diski ESD 110 01 2","https://www.frenciniz.com/urun/174/fren-diski-esd-110-01-2-sku-esd-110-01-2-ekersan","83","4041.28"
"108","858","Fren Pabucu","Fren Pabucu BMC Probus Profesyonel Fatih Pro 20 cm OEM (A) E4 EYD 206 02","BMC Probus Fren Pabucu | BMC Probus (A) E4 | (A) E4 Fren Pabucu | EYD 206 02 Fren Pabucu | Fren Pabucu BMC Probus Profesyonel Fatih Pro 20 cm","https://www.frenciniz.com/urun/858/fren-pabucu-bmc-probus-profesyonel-fatih-pro-20-cm-oem-a-e4-eyd-206-02-ekersan","83","924"
"108","162","Fren Diski","Fren Diski York Valx OEM 50390001 ESD 220 01","Dorse / treyler Fren Diski | Dorse / treyler 50390001 | 50390001 Fren Diski | ESD 220 01 Fren Diski | Fren Diski York Valx","https://www.frenciniz.com/urun/162/fren-diski-york-valx-oem-50390001-esd-220-01-ekersan","82","5360.02"
"108","84","Fren Diski","Fren Diski Volvo FH FM FL OEM 8551042 ESD 110 05","Volvo FH Fren Diski | Volvo FH 8551042 | 8551042 Fren Diski | ESD 110 05 Fren Diski | Fren Diski Volvo FH FM FL","https://www.frenciniz.com/urun/84/fren-diski-volvo-fh-fm-fl-oem-8551042-esd-110-05-ekersan","79","4428.01"
"108","230","Fren Diski","Fren Diski Mercedes Axor E.M OEM 204566 ESD 010 18","Mercedes-Benz Axor Fren Diski | Mercedes-Benz Axor 204566 | 204566 Fren Diski | ESD 010 18 Fren Diski | Fren Diski Mercedes Axor E.M","https://www.frenciniz.com/urun/230/fren-diski-mercedes-axor-e-m-oem-204566-esd-010-18-ekersan","74","4870.81"
"108","857","Fren Pabucu","Fren Pabucu BMC Probus Profesyonel Fatih Pro 20 cm OEM (A) E4 EYD 206 02-1","BMC Probus Fren Pabucu | BMC Probus (A) E4 | (A) E4 Fren Pabucu | EYD 206 02-1 Fren Pabucu | Fren Pabucu BMC Probus Profesyonel Fatih Pro 20 cm","https://www.frenciniz.com/urun/857/fren-pabucu-bmc-probus-profesyonel-fatih-pro-20-cm-oem-a-e4-eyd-206-02-1-ekersan","73","924"
"108","168","Fren Diski","Fren Diski ROR Meritor OEM MBR9018 ESD 150 04","ROR dorse dingili Fren Diski | ROR dorse dingili MBR9018 | MBR9018 Fren Diski | ESD 150 04 Fren Diski | Fren Diski ROR Meritor","https://www.frenciniz.com/urun/168/fren-diski-ror-meritor-oem-mbr9018-esd-150-04-ekersan","72","4743.19"
"108","191","Fren Diski","Fren Diski SAF Holland OEM 4079001001 ESD 070 14","SAF dorse dingili Fren Diski | SAF dorse dingili 4079001001 | 4079001001 Fren Diski | ESD 070 14 Fren Diski | Fren Diski SAF Holland","https://www.frenciniz.com/urun/191/fren-diski-saf-holland-oem-4079001001-esd-070-14-ekersan","72","3700.96"
"108","176","Fren Diski","Fren Diski ROR Meritor OEM 68323825 ESD 100 01","ROR dorse dingili Fren Diski | ROR dorse dingili 68323825 | 68323825 Fren Diski | ESD 100 01 Fren Diski | Fren Diski ROR Meritor","https://www.frenciniz.com/urun/176/fren-diski-ror-meritor-oem-68323825-esd-100-01-ekersan","66","5232.4"
"108","860","Fren Pabucu","Fren Pabucu Volvo FH FH12 FM FL BMC Probus Profesyonel Fatih Pro 5 cm OEM (A) G4 EYD 206 01","Volvo FH Fren Pabucu | Volvo FH (A) G4 | (A) G4 Fren Pabucu | EYD 206 01 Fren Pabucu | Fren Pabucu Volvo FH FH12 FM FL BMC Probus Profesyonel Fatih Pro 5 cm","https://www.frenciniz.com/urun/860/fren-pabucu-volvo-fh-fh12-fm-fl-bmc-probus-profesyonel-fatih-pro-5-cm-oem-a-g4-eyd-206-01","65","924"
"108","209","Fren Diski","Fren Diski Renault Midlum Premium Magnum OEM 5010260218 ESD 040 02","Renault Trucks Midlum Fren Diski | Renault Trucks Midlum 5010260218 | 5010260218 Fren Diski | ESD 040 02 Fren Diski | Fren Diski Renault Midlum Premium Magnum","https://www.frenciniz.com/urun/209/fren-diski-renault-midlum-premium-magnum-oem-5010260218-esd-040-02-ekersan","64","4211.44"
"108","228","Fren Diski","Fren Diski Mercedes Actros Axor OEM 9704210112 ESD 010 22","Mercedes-Benz Actros Fren Diski | Mercedes-Benz Actros 9704210112 | 9704210112 Fren Diski | ESD 010 22 Fren Diski | Fren Diski Mercedes Actros Axor","https://www.frenciniz.com/urun/228/fren-diski-mercedes-actros-axor-oem-9704210112-esd-010-22-ekersan","62","4126.36"
"108","197","Fren Diski","Fren Diski BPW ECOPlus OEM 0308834080 ESD 070 06","BPW dorse dingili Fren Diski | BPW dorse dingili 0308834080 | 0308834080 Fren Diski | ESD 070 06 Fren Diski | Fren Diski BPW ECOPlus","https://www.frenciniz.com/urun/197/fren-diski-bpw-ecoplus-oem-0308834080-esd-070-06-ekersan","61","4573.03"
"108","212","Fren Diski","Fren Diski Iveco Eurocargo Stralis Trakker WABCO ABS EBS Arka 220 OEM 2992636 ESD 030 17","Iveco Eurocargo Fren Diski | Iveco Eurocargo 2992636 | 2992636 Fren Diski | ESD 030 17 Fren Diski | Fren Diski Iveco Eurocargo Stralis Trakker WABCO ABS EBS Arka 220","https://www.frenciniz.com/urun/212/fren-diski-iveco-eurocargo-stralis-trakker-wabco-abs-ebs-arka-220-oem-2992636-esd-030-17-ekersan","59","4849.54"
"108","217","Fren Diski","Fren Diski Iveco Eurocargo Stralis Trakker 8 Delik Arka 030 OEM 52226 ESD 030 05","Iveco Eurocargo Fren Diski | Iveco Eurocargo 52226 | 52226 Fren Diski | ESD 030 05 Fren Diski | Fren Diski Iveco Eurocargo Stralis Trakker 8 Delik Arka 030","https://www.frenciniz.com/urun/217/fren-diski-iveco-eurocargo-stralis-trakker-8-delik-arka-030-oem-52226-esd-030-05-ekersan","59","4211.44"
"108","853","Fren Pabucu","Fren Pabucu Ford Cargo 20 cm OEM (A) E3 EYD 206 05","Ford Cargo Fren Pabucu | Ford Cargo (A) E3 | (A) E3 Fren Pabucu | EYD 206 05 Fren Pabucu | Fren Pabucu Ford Cargo 20 cm","https://www.frenciniz.com/urun/853/fren-pabucu-ford-cargo-20-cm-oem-a-e3-eyd-206-05-ekersan","56","924"
"108","178","Fren Diski","Fren Diski Otokar Doruk Sultan Ön OEM 16H00-05 ESD 090 07","Otokar Doruk Fren Diski | Otokar Doruk 16H00-05 | 16H00-05 Fren Diski | ESD 090 07 Fren Diski | Fren Diski Otokar Doruk Sultan Ön","https://www.frenciniz.com/urun/178/fren-diski-otokar-doruk-sultan-on-oem-16h00-05-esd-090-07-ekersan","55","4424.14"
"108","282","Fren Diski","Fren Diski Iveco Eurocargo Stralis Trakker Ön OEM 5802234113 ESD 030 25","Iveco Eurocargo Fren Diski | Iveco Eurocargo 5802234113 | 5802234113 Fren Diski | ESD 030 25 Fren Diski | Fren Diski Iveco Eurocargo Stralis Trakker Ön","https://www.frenciniz.com/urun/282/fren-diski-iveco-eurocargo-stralis-trakker-on-oem-5802234113-esd-030-25-ekersan","54","4945.25"
"108","161","Fren Diski","Fren Diski Kögel Krone OEM 9267086 ESD 220 02","Gigant dorse dingili Fren Diski | Gigant dorse dingili 9267086 | 9267086 Fren Diski | ESD 220 02 Fren Diski | Fren Diski Kögel Krone","https://www.frenciniz.com/urun/161/fren-diski-kogel-krone-oem-9267086-esd-220-02-ekersan","53","5360.02"
"108","43","Fren Diski","Fren Diski MAN L2000 M2000 TGM OEM 81508030027 ESD 020 17","MAN TGM Fren Diski | MAN TGM 81508030027 | 81508030027 Fren Diski | ESD 020 17 Fren Diski | Fren Diski MAN L2000 M2000 TGM","https://www.frenciniz.com/urun/43/fren-diski-man-l2000-m2000-tgm-oem-81508030027-esd-020-17-ekersan","50","4519.86"
"108","164","Fren Diski","Fren Diski Mitsubishi Canter Fuso Isuzu NPR NQR Otokar Doruk Sultan Arka 090 0613 OEM 16F00-05-248AA ESD 170 01","Mitsubishi Canter Fren Diski | Mitsubishi Canter 16F00-05-248AA | 16F00-05-248AA Fren Diski | ESD 170 01 Fren Diski | Fren Diski Mitsubishi Canter Fuso Isuzu NPR NQR Otokar Doruk Sultan Arka 090 0613","https://www.frenciniz.com/urun/164/fren-diski-mitsubishi-canter-fuso-isuzu-npr-nqr-otokar-doruk-sultan-arka-090-0613-oem-16f00-05","50","4519.86"
"108","12","Fren Diski","Fren Diski Renault Midlum Premium Magnum OEM 5010598309 ESD 040 31","Volvo FL II/FL III Fren Diski | Volvo FL II/FL III 5010598309 | 5010598309 Fren Diski | ESD 040 31 Fren Diski | Fren Diski Renault Midlum Premium Magnum","https://www.frenciniz.com/urun/12/fren-diski-renault-midlum-premium-magnum-oem-5010598309-esd-040-31-ekersan","49","5464.8"
"108","179","Fren Diski","Fren Diski Ford Cargo OEM 13C33 ESD 090 05","Ford Cargo Fren Diski | Ford Cargo 13C33 | 13C33 Fren Diski | ESD 090 05 Fren Diski | Fren Diski Ford Cargo","https://www.frenciniz.com/urun/179/fren-diski-ford-cargo-oem-13c33-esd-090-05-ekersan","49","3743.5"
"108","206","Fren Diski","Fren Diski Renault Midlum Premium Magnum OEM 5010525362 ESD 040 06","Renault Trucks Midlum Fren Diski | Renault Trucks Midlum 5010525362 | 5010525362 Fren Diski | ESD 040 06 Fren Diski | Fren Diski Renault Midlum Premium Magnum","https://www.frenciniz.com/urun/206/fren-diski-renault-midlum-premium-magnum-oem-5010525362-esd-040-06-ekersan","46","4211.44"
"108","41","Fren Diski","Fren Diski Volvo FH FM FL 410 OEM 8551042 ESD 110 02","Volvo FH Fren Diski | Volvo FH 8551042 | 8551042 Fren Diski | ESD 110 02 Fren Diski | Fren Diski Volvo FH FM FL 410","https://www.frenciniz.com/urun/41/fren-diski-volvo-fh-fm-fl-410-oem-8551042-esd-110-02-ekersan","44","4234.65"
"108","6","Fren Diski","Fren Diski Isuzu Novo NovoCiti Life CitiLife 387 061 2600 OEM 387.061.2600.51 ESD 130 09","Isuzu Novo Fren Diski | Isuzu Novo 387.061.2600.51 | 387.061.2600.51 Fren Diski | ESD 130 09 Fren Diski | Fren Diski Isuzu Novo NovoCiti Life CitiLife 387 061 2600","https://www.frenciniz.com/urun/6/fren-diski-isuzu-novo-novociti-life-citilife-387-061-2600-oem-387-061-2600-51-esd-130-09-ekersan","39","3243.66"
"108","76","Fren Diski","Fren Diski Renault Midlum Premium Magnum OEM 5010525326 ESD 040 04","Renault Trucks Midlum Fren Diski | Renault Trucks Midlum 5010525326 | 5010525326 Fren Diski | ESD 040 04 Fren Diski | Fren Diski Renault Midlum Premium Magnum","https://www.frenciniz.com/urun/76/fren-diski-renault-midlum-premium-magnum-oem-5010525326-esd-040-04-ekersan","34","6763.83"
"108","13","Fren Diski","Fren Diski Renault Midlum Premium Magnum OEM 20700508 ESD 040 30","Renault Trucks Midlum Fren Diski | Renault Trucks Midlum 20700508 | 20700508 Fren Diski | ESD 040 30 Fren Diski | Fren Diski Renault Midlum Premium Magnum","https://www.frenciniz.com/urun/13/fren-diski-renault-midlum-premium-magnum-oem-20700508-esd-040-30-ekersan","32","5237.1"
"108","208","Fren Diski","Fren Diski Renault Midlum Premium Magnum OEM 5010422593 ESD 040 03","Renault Trucks Midlum Fren Diski | Renault Trucks Midlum 5010422593 | 5010422593 Fren Diski | ESD 040 03 Fren Diski | Fren Diski Renault Midlum Premium Magnum","https://www.frenciniz.com/urun/208/fren-diski-renault-midlum-premium-magnum-oem-5010422593-esd-040-03-ekersan","32","4594.3"
"108","166","Fren Diski","Fren Diski BMC Probus Profesyonel Fatih Pro 16 Delik OEM 57RS307931M ESD 160 05","BMC Probus Fren Diski | BMC Probus 57RS307931M | 57RS307931M Fren Diski | ESD 160 05 Fren Diski | Fren Diski BMC Probus Profesyonel Fatih Pro 16 Delik","https://www.frenciniz.com/urun/166/fren-diski-bmc-probus-profesyonel-fatih-pro-16-delik-oem-57rs307931m-esd-160-05-ekersan","31","5636.53"
"108","795","Fren Pabucu","Fren Pabucu SAF Holland 18 cm OEM (A) G4 EYD 80 07","SAF dorse dingili Fren Pabucu | SAF dorse dingili (A) G4 | (A) G4 Fren Pabucu | EYD 80 07 Fren Pabucu | Fren Pabucu SAF Holland 18 cm","https://www.frenciniz.com/urun/795/fren-pabucu-saf-holland-18-cm-oem-a-g4-eyd-80-07-ekersan","30","1518"
"108","207","Fren Diski","Fren Diski Renault Premium Magnum Kerax Midlum 10 Delik Ön 220 OEM 5010525014 ESD 040 05","Renault Trucks Premium Fren Diski | Renault Trucks Premium 5010525014 | 5010525014 Fren Diski | ESD 040 05 Fren Diski | Fren Diski Renault Premium Magnum Kerax Midlum 10 Delik Ön 220","https://www.frenciniz.com/urun/207/fren-diski-renault-premium-magnum-kerax-midlum-10-delik-on-220-oem-5010525014-esd-040-05-ekersan","29","4211.44"
"108","794","Fren Pabucu","Fren Pabucu BPW ECOPlus 20 cm OEM (A) D3 EYD 80 24","BPW dorse dingili Fren Pabucu | BPW dorse dingili (A) D3 | (A) D3 Fren Pabucu | EYD 80 24 Fren Pabucu | Fren Pabucu BPW ECOPlus 20 cm","https://www.frenciniz.com/urun/794/fren-pabucu-bpw-ecoplus-20-cm-oem-a-d3-eyd-80-24-ekersan","26","1287"
"108","851","Fren Pabucu","Fren Pabucu Mercedes Actros Axor 18 cm OEM (A) G4 EYD 206 07","Mercedes-Benz Actros Fren Pabucu | Mercedes-Benz Actros (A) G4 | (A) G4 Fren Pabucu | EYD 206 07 Fren Pabucu | Fren Pabucu Mercedes Actros Axor 18 cm","https://www.frenciniz.com/urun/851/fren-pabucu-mercedes-actros-axor-18-cm-oem-a-g4-eyd-206-07-ekersan","23","2145"
"108","173","Fren Diski","Fren Diski Volvo FH FM FL OEM 85103804 ESD 110 03","Volvo FH Fren Diski | Volvo FH 85103804 | 85103804 Fren Diski | ESD 110 03 Fren Diski | Fren Diski Volvo FH FM FL","https://www.frenciniz.com/urun/173/fren-diski-volvo-fh-fm-fl-oem-85103804-esd-110-03-ekersan","22","3722.23"
"108","211","Fren Diski","Fren Diski Iveco Eurocargo Stralis Trakker Ön 100 OEM 7189265 ESD 030 19","Iveco Eurocargo Fren Diski | Iveco Eurocargo 7189265 | 7189265 Fren Diski | ESD 030 19 Fren Diski | Fren Diski Iveco Eurocargo Stralis Trakker Ön 100","https://www.frenciniz.com/urun/211/fren-diski-iveco-eurocargo-stralis-trakker-on-100-oem-7189265-esd-030-19-ekersan","21","4094.46"
"108","796","Fren Pabucu","Fren Pabucu Fruehauf SMB 18 cm OEM 6504773 EYD 80 06","Dorse / treyler Fren Pabucu | Dorse / treyler 6504773 | 6504773 Fren Pabucu | EYD 80 06 Fren Pabucu | Fren Pabucu Fruehauf SMB 18 cm","https://www.frenciniz.com/urun/796/fren-pabucu-fruehauf-smb-18-cm-oem-6504773-eyd-80-06-ekersan","20","1221"
"103","56","Bijon","Bijon Mercedes Actros Axor Dps OEM 9424010271-4012371 ESB 180 20","Mercedes-Benz Actros Bijon | Mercedes-Benz Actros 9424010271-4012371 | 9424010271-4012371 Bijon | ESB 180 20 Bijon | Bijon Mercedes Actros Axor Dps","https://www.frenciniz.com/urun/56/bijon-mercedes-actros-axor-dps-oem-9424010271-4012371-esb-180-20-ekersan","8489","183.64"
"103","373","Bijon","Bijon SAF Holland 73 mm OEM 1303111810 ESB 1813 10","Iveco Eurocargo Bijon | Iveco Eurocargo 1303111810 | 1303111810 Bijon | ESB 1813 10 Bijon | Bijon SAF Holland 73 mm","https://www.frenciniz.com/urun/373/bijon-saf-holland-73-mm-oem-1303111810-esb-1813-10-ekersan","7553","199.31"
"103","351","Bijon","Bijon Renault Premium Magnum Kerax Midlum DPS Arka 440 OEM 20515517-7420515517 ESB 2316 20","Renault Trucks Premium Bijon | Renault Trucks Premium 20515517-7420515517 | 20515517-7420515517 Bijon | ESB 2316 20 Bijon | Bijon Renault Premium Magnum Kerax Midlum DPS Arka 440","https://www.frenciniz.com/urun/351/bijon-renault-premium-magnum-kerax-midlum-dps-arka-440-oem-20515517-7420515517-esb-2316-20","7017","199.31"
"103","242","Bijon","Bijon Mercedes Actros Axor OEM 3814010771-3464010071 ESB 182 10","Mercedes-Benz Actros Bijon | Mercedes-Benz Actros 3814010771-3464010071 | 3814010771-3464010071 Bijon | ESB 182 10 Bijon | Bijon Mercedes Actros Axor","https://www.frenciniz.com/urun/242/bijon-mercedes-actros-axor-oem-3814010771-3464010071-esb-182-10-ekersan","6916","186.39"
"103","377","Bijon","Bijon BPW ECOPlus Dps OEM 329633110 ESB 1722 10","BPW dorse dingili Bijon | BPW dorse dingili 329633110 | 329633110 Bijon | ESB 1722 10 Bijon | Bijon BPW ECOPlus Dps","https://www.frenciniz.com/urun/377/bijon-bpw-ecoplus-dps-oem-329633110-esb-1722-10-ekersan","6593","199.31"
"103","384","Bijon","Bijon Scania P G R Dps OEM 20515519-7420515519 ESB 1426 10","Scania P/G/R serisi Bijon | Scania P/G/R serisi 20515519-7420515519 | 20515519-7420515519 Bijon | ESB 1426 10 Bijon | Bijon Scania P G R Dps","https://www.frenciniz.com/urun/384/bijon-scania-p-g-r-dps-oem-20515519-7420515519-esb-1426-10-ekersan","6086","210.3"
"103","336","Bijon","Bijon BMC Probus Profesyonel Fatih Pro 117 mm Arka OEM 7K60177KOM-760177 ESB 340 10","BMC Probus Bijon | BMC Probus 7K60177KOM-760177 | 7K60177KOM-760177 Bijon | ESB 340 10 Bijon | Bijon BMC Probus Profesyonel Fatih Pro 117 mm Arka","https://www.frenciniz.com/urun/336/bijon-bmc-probus-profesyonel-fatih-pro-117-mm-arka-oem-7k60177kom-760177-esb-340-10-ekersan","5379","199.31"
"103","58","Bijon","Bijon Mercedes Actros Axor Dps OEM 9424010371-4014171 ESB 180 10","Mercedes-Benz Actros Bijon | Mercedes-Benz Actros 9424010371-4014171 | 9424010371-4014171 Bijon | ESB 180 10 Bijon | Bijon Mercedes Actros Axor Dps","https://www.frenciniz.com/urun/58/bijon-mercedes-actros-axor-dps-oem-9424010371-4014171-esb-180-10-ekersan","5284","183.64"
"103","253","Bijon","Bijon Mercedes Actros Axor 110 mm Arka OEM 3274020471 ESB 111 10-1","Mercedes-Benz Actros Bijon | Mercedes-Benz Actros 3274020471 | 3274020471 Bijon | ESB 111 10-1 Bijon | Bijon Mercedes Actros Axor 110 mm Arka","https://www.frenciniz.com/urun/253/bijon-mercedes-actros-axor-110-mm-arka-oem-3274020471-esb-111-10-1-ekersan","5175","181.73"
"103","335","Bijon","Bijon BMC Probus Profesyonel Fatih Pro OEM 7K60192 ESB 340 20","BMC Probus Bijon | BMC Probus 7K60192 | 7K60192 Bijon | ESB 340 20 Bijon | Bijon BMC Probus Profesyonel Fatih Pro","https://www.frenciniz.com/urun/335/bijon-bmc-probus-profesyonel-fatih-pro-oem-7k60192-esb-340-20-ekersan","4506","199.31"
"103","255","Bijon","Bijon Mercedes Actros Axor 110 mm DPS Arka OEM 3464010071 ESB 110 10-1","Mercedes-Benz Actros Bijon | Mercedes-Benz Actros 3464010071 | 3464010071 Bijon | ESB 110 10-1 Bijon | Bijon Mercedes Actros Axor 110 mm DPS Arka","https://www.frenciniz.com/urun/255/bijon-mercedes-actros-axor-110-mm-dps-arka-oem-3464010071-esb-110-10-1-ekersan","4439","175.94"
"103","371","Bijon","Bijon SAF Holland Dps OEM 1303112010-3302115700 ESB 1816 10","SAF dorse dingili Bijon | SAF dorse dingili 1303112010-3302115700 | 1303112010-3302115700 Bijon | ESB 1816 10 Bijon | Bijon SAF Holland Dps","https://www.frenciniz.com/urun/371/bijon-saf-holland-dps-oem-1303112010-3302115700-esb-1816-10-ekersan","4398","199.31"
"103","288","Bijon","Bijon Scania P G R Dps OEM 1368690 ESB 911 20-R","Scania 4 serisi Bijon | Scania 4 serisi 1368690 | 1368690 Bijon | ESB 911 20-R Bijon | Bijon Scania P G R Dps","https://www.frenciniz.com/urun/288/bijon-scania-p-g-r-dps-oem-1368690-esb-911-20-r-ekersan","4278","215.69"
"103","310","Bijon","Bijon Iveco Eurocargo Stralis Dps OEM 42117455-42064826 ESB 621 10","Iveco Eurocargo Bijon | Iveco Eurocargo 42117455-42064826 | 42117455-42064826 Bijon | ESB 621 10 Bijon | Bijon Iveco Eurocargo Stralis Dps","https://www.frenciniz.com/urun/310/bijon-iveco-eurocargo-stralis-dps-oem-42117455-42064826-esb-621-10-ekersan","4092","199.31"
"103","325","Bijon","Bijon Dps OEM 81DB118CA ESB 420 10","Kamyon Bijon | Kamyon 81DB118CA | 81DB118CA Bijon | ESB 420 10 Bijon | Bijon Dps","https://www.frenciniz.com/urun/325/bijon-dps-oem-81db118ca-esb-420-10-ekersan","4023","199.31"
"103","375","Bijon","Bijon BPW ECOPlus Dps OEM 329633120- 329633121 ESB 1725 10","BPW dorse dingili Bijon | BPW dorse dingili 329633120- 329633121 | 329633120- 329633121 Bijon | ESB 1725 10 Bijon | Bijon BPW ECOPlus Dps","https://www.frenciniz.com/urun/375/bijon-bpw-ecoplus-dps-oem-329633120-329633121-esb-1725-10-ekersan","3790","199.31"
"103","286","Bijon","Bijon Scania P G R Dps OEM 2285275-1868665 ESB 912 20-R","Scania P/G/R serisi Bijon | Scania P/G/R serisi 2285275-1868665 | 2285275-1868665 Bijon | ESB 912 20-R Bijon | Bijon Scania P G R Dps","https://www.frenciniz.com/urun/286/bijon-scania-p-g-r-dps-oem-2285275-1868665-esb-912-20-r-ekersan","3781","210.3"
"103","372","Bijon","Bijon SAF Holland Dps OEM 1303107511 ESB 1815 10","SAF dorse dingili Bijon | SAF dorse dingili 1303107511 | 1303107511 Bijon | ESB 1815 10 Bijon | Bijon SAF Holland Dps","https://www.frenciniz.com/urun/372/bijon-saf-holland-dps-oem-1303107511-esb-1815-10-ekersan","3692","199.31"
"103","287","Bijon","Bijon Scania P G R Dps OEM 1528712 ESB 912 10-R","Scania 4 serisi Bijon | Scania 4 serisi 1528712 | 1528712 Bijon | ESB 912 10-R Bijon | Bijon Scania P G R Dps","https://www.frenciniz.com/urun/287/bijon-scania-p-g-r-dps-oem-1528712-esb-912-10-r-ekersan","3637","210.3"
"103","250","Bijon","Bijon Mercedes Actros Axor 100 mm OEM 4013971 ESB 114 10-1","Mercedes-Benz Actros Bijon | Mercedes-Benz Actros 4013971 | 4013971 Bijon | ESB 114 10-1 Bijon | Bijon Mercedes Actros Axor 100 mm","https://www.frenciniz.com/urun/250/bijon-mercedes-actros-axor-100-mm-oem-4013971-esb-114-10-1-ekersan","3471","178.69"
"103","239","Bijon","Bijon Mercedes Actros Axor 92 mm Arka OEM 4014171 ESB 187 10","Mercedes-Benz Axor Bijon | Mercedes-Benz Axor 4014171 | 4014171 Bijon | ESB 187 10 Bijon | Bijon Mercedes Actros Axor 92 mm Arka","https://www.frenciniz.com/urun/239/bijon-mercedes-actros-axor-92-mm-arka-oem-4014171-esb-187-10-ekersan","3290","183.64"
"103","322","Bijon","Bijon Ford Cargo Dps OEM FC461118CA ESB 422 10","Ford Cargo Bijon | Ford Cargo FC461118CA | FC461118CA Bijon | ESB 422 10 Bijon | Bijon Ford Cargo Dps","https://www.frenciniz.com/urun/322/bijon-ford-cargo-dps-oem-fc461118ca-esb-422-10-ekersan","3250","213.05"
"103","236","Bijon","Bijon MAN 12-153 73 mm Arka OEM 81455010123 ESB 231 10","MAN ağır vasıta Bijon | MAN ağır vasıta 81455010123 | 81455010123 Bijon | ESB 231 10 Bijon | Bijon MAN 12-153 73 mm Arka","https://www.frenciniz.com/urun/236/bijon-man-12-153-73-mm-arka-oem-81455010123-esb-231-10-ekersan","3205","163.57"
"103","54","Bijon","Bijon Scania P G R Dps OEM 1528655 ESB 915 10-R","Scania 4 serisi Bijon | Scania 4 serisi 1528655 | 1528655 Bijon | ESB 915 10-R Bijon | Bijon Scania P G R Dps","https://www.frenciniz.com/urun/54/bijon-scania-p-g-r-dps-oem-1528655-esb-915-10-r-ekersan","3156","218.55"
"103","312","Bijon","Bijon Iveco Eurocargo Stralis Dps OEM 42117457 ESB 620 10","Iveco Eurocargo Bijon | Iveco Eurocargo 42117457 | 42117457 Bijon | ESB 620 10 Bijon | Bijon Iveco Eurocargo Stralis Dps","https://www.frenciniz.com/urun/312/bijon-iveco-eurocargo-stralis-dps-oem-42117457-esb-620-10-ekersan","2987","199.31"
"103","385","Bijon","Bijon Volvo FH FM FL Dps OEM 20524942-7421147687 ESB 1414 10","Volvo FH Bijon | Volvo FH 20524942-7421147687 | 20524942-7421147687 Bijon | ESB 1414 10 Bijon | Bijon Volvo FH FM FL Dps","https://www.frenciniz.com/urun/385/bijon-volvo-fh-fm-fl-dps-oem-20524942-7421147687-esb-1414-10-ekersan","2944","199.31"
"103","344","Bijon","Bijon Dps OEM 81455010131-81455010176 ESB 260 10","Kamyon Bijon | Kamyon 81455010131-81455010176 | 81455010131-81455010176 Bijon | ESB 260 10 Bijon | Bijon Dps","https://www.frenciniz.com/urun/344/bijon-dps-oem-81455010131-81455010176-esb-260-10-ekersan","2813","186.94"
"103","383","Bijon","Bijon Scania P G R Dps OEM 7420515515-20515515 ESB 1426 20","Scania P/G/R serisi Bijon | Scania P/G/R serisi 7420515515-20515515 | 7420515515-20515515 Bijon | ESB 1426 20 Bijon | Bijon Scania P G R Dps","https://www.frenciniz.com/urun/383/bijon-scania-p-g-r-dps-oem-7420515515-20515515-esb-1426-20-ekersan","2765","199.31"
"103","323","Bijon","Bijon Scania P G R Dps OEM 20515515 ESB 421 20","Scania P/G/R serisi Bijon | Scania P/G/R serisi 20515515 | 20515515 Bijon | ESB 421 20 Bijon | Bijon Scania P G R Dps","https://www.frenciniz.com/urun/323/bijon-scania-p-g-r-dps-oem-20515515-esb-421-20-ekersan","2607","199.31"
"103","289","Bijon","Bijon Scania P G R Dps OEM 1368693 ESB 911 10-R","Scania 4 serisi Bijon | Scania 4 serisi 1368693 | 1368693 Bijon | ESB 911 10-R Bijon | Bijon Scania P G R Dps","https://www.frenciniz.com/urun/289/bijon-scania-p-g-r-dps-oem-1368693-esb-911-10-r-ekersan","2595","210.3"
"103","241","Bijon","Bijon Mercedes Actros Axor 86 mm Arka OEM Axor-Actoros Yeni Model Arka 86 mm ESB 184 10","Mercedes-Benz Axor Bijon | Mercedes-Benz Axor Axor-Actoros Yeni Model Arka 86 mm | Axor-Actoros Yeni Model Arka 86 mm Bijon | ESB 184 10 Bijon | Bijon Mercedes Actros Axor 86 mm Arka","https://www.frenciniz.com/urun/241/bijon-mercedes-actros-axor-86-mm-arka-oem-axor-actoros-yeni-model-arka-86-mm-esb-184-10-ekersan","2504","183.64"
"103","50","Bijon","Bijon MAN 12-153 58 mm OEM 81455010116-81455010152 ESB 230 20","MAN ağır vasıta Bijon | MAN ağır vasıta 81455010116-81455010152 | 81455010116-81455010152 Bijon | ESB 230 20 Bijon | Bijon MAN 12-153 58 mm","https://www.frenciniz.com/urun/50/bijon-man-12-153-58-mm-oem-81455010116-81455010152-esb-230-20-ekersan","2487","163.57"
"103","318","Bijon","Bijon BMC Probus Profesyonel Fatih Pro Arka 200 235 260 OEM 15034 ESB 530 10","BMC Probus Bijon | BMC Probus 15034 | 15034 Bijon | ESB 530 10 Bijon | Bijon BMC Probus Profesyonel Fatih Pro Arka 200 235 260","https://www.frenciniz.com/urun/318/bijon-bmc-probus-profesyonel-fatih-pro-arka-200-235-260-oem-15034-esb-530-10-ekersan","2455","199.31"
"103","374","Bijon","Bijon SAF Holland 83 mm YM OEM 1303107412 ESB 1811 10","SAF dorse dingili Bijon | SAF dorse dingili 1303107412 | 1303107412 Bijon | ESB 1811 10 Bijon | Bijon SAF Holland 83 mm YM","https://www.frenciniz.com/urun/374/bijon-saf-holland-83-mm-ym-oem-1303107412-esb-1811-10-ekersan","2454","199.31"
"103","350","Bijon","Bijon Renault Premium Magnum Kerax Midlum 79,50 mm 25 mm 440 2311 OEM 20515514-7420515514 ESB 2317 20","Renault Trucks Premium Bijon | Renault Trucks Premium 20515514-7420515514 | 20515514-7420515514 Bijon | ESB 2317 20 Bijon | Bijon Renault Premium Magnum Kerax Midlum 79,50 mm 25 mm 440 2311","https://www.frenciniz.com/urun/350/bijon-renault-premium-magnum-kerax-midlum-79-50-mm-25-mm-440-2311-oem-20515514-7420515514-esb","2452","199.31"
"103","379","Bijon","Bijon BPW ECOPlus Dps OEM 329623170 ESB 1714 10","BPW dorse dingili Bijon | BPW dorse dingili 329623170 | 329623170 Bijon | ESB 1714 10 Bijon | Bijon BPW ECOPlus Dps","https://www.frenciniz.com/urun/379/bijon-bpw-ecoplus-dps-oem-329623170-esb-1714-10-ekersan","2318","218.55"
"103","309","Bijon","Bijon Iveco Eurocargo Stralis Dps OEM 2476077 ESB 621 20","Iveco Eurocargo Bijon | Iveco Eurocargo 2476077 | 2476077 Bijon | ESB 621 20 Bijon | Bijon Iveco Eurocargo Stralis Dps","https://www.frenciniz.com/urun/309/bijon-iveco-eurocargo-stralis-dps-oem-2476077-esb-621-20-ekersan","2301","186.94"
"103","252","Bijon","Bijon Mercedes Actros Axor 84 mm OEM 3814011271-3814010071 ESB 112 20-1","Mercedes-Benz Actros Bijon | Mercedes-Benz Actros 3814011271-3814010071 | 3814011271-3814010071 Bijon | ESB 112 20-1 Bijon | Bijon Mercedes Actros Axor 84 mm","https://www.frenciniz.com/urun/252/bijon-mercedes-actros-axor-84-mm-oem-3814011271-3814010071-esb-112-20-1-ekersan","2298","178.69"
"103","254","Bijon","Bijon Mercedes Actros Axor 77 mm DPS OEM 3274010471 ESB 110 20-1","Mercedes-Benz Actros Bijon | Mercedes-Benz Actros 3274010471 | 3274010471 Bijon | ESB 110 20-1 Bijon | Bijon Mercedes Actros Axor 77 mm DPS","https://www.frenciniz.com/urun/254/bijon-mercedes-actros-axor-77-mm-dps-oem-3274010471-esb-110-20-1-ekersan","2142","178.03"
"103","389","Bijon","Bijon Volvo FH FM FL Dps OEM 1573081 ESB 1410 20","Volvo FH Bijon | Volvo FH 1573081 | 1573081 Bijon | ESB 1410 20 Bijon | Bijon Volvo FH FM FL Dps","https://www.frenciniz.com/urun/389/bijon-volvo-fh-fm-fl-dps-oem-1573081-esb-1410-20-ekersan","2097","199.31"
"103","249","Bijon","Bijon Mercedes Actros Axor 100 mm OEM 3814011171 ESB 115 10-1","Mercedes-Benz Actros Bijon | Mercedes-Benz Actros 3814011171 | 3814011171 Bijon | ESB 115 10-1 Bijon | Bijon Mercedes Actros Axor 100 mm","https://www.frenciniz.com/urun/249/bijon-mercedes-actros-axor-100-mm-oem-3814011171-esb-115-10-1-ekersan","2082","178.69"
"103","376","Bijon","Bijon BPW ECOPlus Dps OEM 0329633141 ESB 1723 10","BPW dorse dingili Bijon | BPW dorse dingili 0329633141 | 0329633141 Bijon | ESB 1723 10 Bijon | Bijon BPW ECOPlus Dps","https://www.frenciniz.com/urun/376/bijon-bpw-ecoplus-dps-oem-0329633141-esb-1723-10-ekersan","1971","199.31"
"103","341","Bijon","Bijon Dps OEM 81455010174 ESB 272 10","Kamyon Bijon | Kamyon 81455010174 | 81455010174 Bijon | ESB 272 10 Bijon | Bijon Dps","https://www.frenciniz.com/urun/341/bijon-dps-oem-81455010174-esb-272-10-ekersan","1969","186.94"
"103","245","Bijon","Bijon Mercedes Atego Arka 1517 OEM 3524020071 ESB 142 10","Mercedes-Benz Atego Bijon | Mercedes-Benz Atego 3524020071 | 3524020071 Bijon | ESB 142 10 Bijon | Bijon Mercedes Atego Arka 1517","https://www.frenciniz.com/urun/245/bijon-mercedes-atego-arka-1517-oem-3524020071-esb-142-10-ekersan","1967","170.44"
"103","311","Bijon","Bijon Iveco Eurocargo Stralis Dps OEM 42117452-2475870 ESB 620 20","Iveco Eurocargo Bijon | Iveco Eurocargo 42117452-2475870 | 42117452-2475870 Bijon | ESB 620 20 Bijon | Bijon Iveco Eurocargo Stralis Dps","https://www.frenciniz.com/urun/311/bijon-iveco-eurocargo-stralis-dps-oem-42117452-2475870-esb-620-20-ekersan","1821","186.94"
"103","354","Bijon","Bijon Renault Premium Magnum Kerax Midlum 95 mm Arka 370 420 OEM 5010566244 ESB 2312 10","Renault Trucks Premium Bijon | Renault Trucks Premium 5010566244 | 5010566244 Bijon | ESB 2312 10 Bijon | Bijon Renault Premium Magnum Kerax Midlum 95 mm Arka 370 420","https://www.frenciniz.com/urun/354/bijon-renault-premium-magnum-kerax-midlum-95-mm-arka-370-420-oem-5010566244-esb-2312-10-ekersan","1765","215.8"
"103","317","Bijon","Bijon BMC Probus Profesyonel Fatih Pro 200 235 260 OEM 15033-T ESB 530 20","BMC Probus Bijon | BMC Probus 15033-T | 15033-T Bijon | ESB 530 20 Bijon | Bijon BMC Probus Profesyonel Fatih Pro 200 235 260","https://www.frenciniz.com/urun/317/bijon-bmc-probus-profesyonel-fatih-pro-200-235-260-oem-15033-t-esb-530-20-ekersan","1720","199.31"
"103","378","Bijon","Bijon BPW ECOPlus Dps OEM 329623150-980623270 ESB 1719 10","BPW dorse dingili Bijon | BPW dorse dingili 329623150-980623270 | 329623150-980623270 Bijon | ESB 1719 10 Bijon | Bijon BPW ECOPlus Dps","https://www.frenciniz.com/urun/378/bijon-bpw-ecoplus-dps-oem-329623150-980623270-esb-1719-10-ekersan","1710","218.55"
"103","390","Bijon","Bijon Volvo FH FM FL Dps OEM 1573082 ESB 1410 10","Volvo FH Bijon | Volvo FH 1573082 | 1573082 Bijon | ESB 1410 10 Bijon | Bijon Volvo FH FM FL Dps","https://www.frenciniz.com/urun/390/bijon-volvo-fh-fm-fl-dps-oem-1573082-esb-1410-10-ekersan","1594","199.31"
"103","59","Bijon","Bijon Mercedes Actros Axor 80 mm Dps OEM 3894010071 ESB 194 20","Mercedes-Benz Axor Bijon | Mercedes-Benz Axor 3894010071 | 3894010071 Bijon | ESB 194 20 Bijon | Bijon Mercedes Actros Axor 80 mm Dps","https://www.frenciniz.com/urun/59/bijon-mercedes-actros-axor-80-mm-dps-oem-3894010071-esb-194-20-ekersan","1590","183.64"
"103","291","Bijon","Bijon Scania P G R 100 mm Arka OEM 272853 ESB 910 10-R","Scania P/G/R serisi Bijon | Scania P/G/R serisi 272853 | 272853 Bijon | ESB 910 10-R Bijon | Bijon Scania P G R 100 mm Arka","https://www.frenciniz.com/urun/291/bijon-scania-p-g-r-100-mm-arka-oem-272853-esb-910-10-r-ekersan","1574","210.3"
"103","304","Bijon","Bijon Iveco Eurocargo Stralis Dps OEM 42117447 ESB 693 10","Iveco Eurocargo Bijon | Iveco Eurocargo 42117447 | 42117447 Bijon | ESB 693 10 Bijon | Bijon Iveco Eurocargo Stralis Dps","https://www.frenciniz.com/urun/304/bijon-iveco-eurocargo-stralis-dps-oem-42117447-esb-693-10-ekersan","1570","199.31"
"103","395","Bijon","Bijon DAF CF XF Dps OEM 99720-1337020 ESB 1013 10","DAF CF/XF Bijon | DAF CF/XF 99720-1337020 | 99720-1337020 Bijon | ESB 1013 10 Bijon | Bijon DAF CF XF Dps","https://www.frenciniz.com/urun/395/bijon-daf-cf-xf-dps-oem-99720-1337020-esb-1013-10-ekersan","1556","199.31"
"103","388","Bijon","Bijon Volvo FH FH12 FM FL 117 mm 27 mm Arka OEM 20428545-15890088 ESB 1411 10","Volvo FH Bijon | Volvo FH 20428545-15890088 | 20428545-15890088 Bijon | ESB 1411 10 Bijon | Bijon Volvo FH FH12 FM FL 117 mm 27 mm Arka","https://www.frenciniz.com/urun/388/bijon-volvo-fh-fh12-fm-fl-117-mm-27-mm-arka-oem-20428545-15890088-esb-1411-10-ekersan","1512","218.55"
"103","300","Bijon","Bijon Isuzu Novo NovoCiti Life CitiLife Arka SAĞ SKU ESB 786 10-R","Isuzu Novo Bijon | Isuzu Novo ESB 786 10-R | ESB 786 10-R Bijon | Bijon Isuzu Novo NovoCiti Life CitiLife Arka SAĞ","https://www.frenciniz.com/urun/300/bijon-isuzu-novo-novociti-life-citilife-arka-sag-sku-esb-786-10-r-ekersan","1465","288.65"
"103","398","Bijon","Bijon DAF CF XF Dps OEM 99717 ESB 1010 10","DAF CF/XF Bijon | DAF CF/XF 99717 | 99717 Bijon | ESB 1010 10 Bijon | Bijon DAF CF XF Dps","https://www.frenciniz.com/urun/398/bijon-daf-cf-xf-dps-oem-99717-esb-1010-10-ekersan","1462","210.3"
"103","246","Bijon","Bijon Mercedes Atego 66 mm 1517 OEM 3184020271 ESB 140 20","Mercedes-Benz Atego Bijon | Mercedes-Benz Atego 3184020271 | 3184020271 Bijon | ESB 140 20 Bijon | Bijon Mercedes Atego 66 mm 1517","https://www.frenciniz.com/urun/246/bijon-mercedes-atego-66-mm-1517-oem-3184020271-esb-140-20-ekersan","1430","163.57"
"103","299","Bijon","Bijon Isuzu Novo NovoCiti Life CitiLife Arka Sol SKU ESB 786 11-L","Isuzu Novo Bijon | Isuzu Novo ESB 786 11-L | ESB 786 11-L Bijon | Bijon Isuzu Novo NovoCiti Life CitiLife Arka Sol","https://www.frenciniz.com/urun/299/bijon-isuzu-novo-novociti-life-citilife-arka-sol-sku-esb-786-11-l-ekersan","1408","288.65"
"103","343","Bijon","Bijon MAN TGA OEM 81455010133 ESB 260 20","MAN TGA Bijon | MAN TGA 81455010133 | 81455010133 Bijon | ESB 260 20 Bijon | Bijon MAN TGA","https://www.frenciniz.com/urun/343/bijon-man-tga-oem-81455010133-esb-260-20-ekersan","1404","186.94"
"103","394","Bijon","Bijon DAF CF XF Dps OEM 620646 ESB 1014 10","DAF CF/XF Bijon | DAF CF/XF 620646 | 620646 Bijon | ESB 1014 10 Bijon | Bijon DAF CF XF Dps","https://www.frenciniz.com/urun/394/bijon-daf-cf-xf-dps-oem-620646-esb-1014-10-ekersan","1335","199.31"
"103","396","Bijon","Bijon DAF CF XF Dps OEM 99731 ESB 1012 10","DAF CF/XF Bijon | DAF CF/XF 99731 | 99731 Bijon | ESB 1012 10 Bijon | Bijon DAF CF XF Dps","https://www.frenciniz.com/urun/396/bijon-daf-cf-xf-dps-oem-99731-esb-1012-10-ekersan","1085","199.31"
"103","380","Bijon","Bijon BPW ECOPlus OEM 329613170 ESB 1711 10","BPW dorse dingili Bijon | BPW dorse dingili 329613170 | 329613170 Bijon | ESB 1711 10 Bijon | Bijon BPW ECOPlus","https://www.frenciniz.com/urun/380/bijon-bpw-ecoplus-oem-329613170-esb-1711-10-ekersan","1079","218.55"
"103","397","Bijon","Bijon DAF CF XF Dps OEM 99730 ESB 1010 20","DAF CF/XF Bijon | DAF CF/XF 99730 | 99730 Bijon | ESB 1010 20 Bijon | Bijon DAF CF XF Dps","https://www.frenciniz.com/urun/397/bijon-daf-cf-xf-dps-oem-99730-esb-1010-20-ekersan","1077","199.31"
"103","315","Bijon","Bijon Iveco Eurocargo Stralis Dps OEM 46390478 ESB 610 10","Iveco Eurocargo Bijon | Iveco Eurocargo 46390478 | 46390478 Bijon | ESB 610 10 Bijon | Bijon Iveco Eurocargo Stralis Dps","https://www.frenciniz.com/urun/315/bijon-iveco-eurocargo-stralis-dps-oem-46390478-esb-610-10-ekersan","1026","120.96"
"103","290","Bijon","Bijon Scania P G R Dps OEM 1368692 ESB 910 20-R","Scania 4 serisi Bijon | Scania 4 serisi 1368692 | 1368692 Bijon | ESB 910 20-R Bijon | Bijon Scania P G R Dps","https://www.frenciniz.com/urun/290/bijon-scania-p-g-r-dps-oem-1368692-esb-910-20-r-ekersan","1022","210.31"
"103","357","Bijon","Bijon Renault Premium Magnum Kerax Midlum 103 mm Arka 370 420 OEM 0000190220-190513 ESB 2310 10","Renault Trucks Premium Bijon | Renault Trucks Premium 0000190220-190513 | 0000190220-190513 Bijon | ESB 2310 10 Bijon | Bijon Renault Premium Magnum Kerax Midlum 103 mm Arka 370 420","https://www.frenciniz.com/urun/357/bijon-renault-premium-magnum-kerax-midlum-103-mm-arka-370-420-oem-0000190220-190513-esb-2310-10","927","199.31"
"103","298","Bijon","Bijon Isuzu Novo NovoCiti Life CitiLife 92,5 mm Arka OEM ISUZU NOVA ARKA 92 ESB 787 10-R","Isuzu Novo Bijon | Isuzu Novo ISUZU NOVA ARKA 92 | ISUZU NOVA ARKA 92 Bijon | ESB 787 10-R Bijon | Bijon Isuzu Novo NovoCiti Life CitiLife 92,5 mm Arka","https://www.frenciniz.com/urun/298/bijon-isuzu-novo-novociti-life-citilife-92-5-mm-arka-oem-isuzu-nova-arka-92-esb-787-10-r-ekersan","896","288.65"
"103","297","Bijon","Bijon Isuzu Novo NovoCiti Life CitiLife 92,5 mm Arka OEM ISUZU NOVA ARKA 92 ESB 787 11-L","Isuzu Novo Bijon | Isuzu Novo ISUZU NOVA ARKA 92 | ISUZU NOVA ARKA 92 Bijon | ESB 787 11-L Bijon | Bijon Isuzu Novo NovoCiti Life CitiLife 92,5 mm Arka","https://www.frenciniz.com/urun/297/bijon-isuzu-novo-novociti-life-citilife-92-5-mm-arka-oem-isuzu-nova-arka-92-esb-787-11-l-ekersan","894","288.65"
"103","387","Bijon","Bijon Volvo FH FM FL Dps OEM 3963997 ESB 1412 10","Volvo FH Bijon | Volvo FH 3963997 | 3963997 Bijon | ESB 1412 10 Bijon | Bijon Volvo FH FM FL Dps","https://www.frenciniz.com/urun/387/bijon-volvo-fh-fm-fl-dps-oem-3963997-esb-1412-10-ekersan","830","210.3"
"103","352","Bijon","Bijon Renault Premium Magnum Kerax Midlum Volvo FH FM FL Ford Cargo 114 mm Arka 370 420 OEM 20524942 ESB 2316 10","Renault Trucks Premium Bijon | Renault Trucks Premium 20524942 | 20524942 Bijon | ESB 2316 10 Bijon | Bijon Renault Premium Magnum Kerax Midlum Volvo FH FM FL Ford Cargo 114 mm Arka 370 420","https://www.frenciniz.com/urun/352/bijon-renault-premium-magnum-kerax-midlum-volvo-fh-fm-fl-ford-cargo-114-mm-arka-370-420-oem","730","199.31"
"103","244","Bijon","Bijon Mercedes Actros Axor 86 mm Arka 800 OEM 3714027071 ESB 170 10","Mercedes-Benz Actros Bijon | Mercedes-Benz Actros 3714027071 | 3714027071 Bijon | ESB 170 10 Bijon | Bijon Mercedes Actros Axor 86 mm Arka 800","https://www.frenciniz.com/urun/244/bijon-mercedes-actros-axor-86-mm-arka-800-oem-3714027071-esb-170-10-ekersan","710","163.57"
"103","369","Bijon","Bijon SAF Holland Dps OEM 1303111811-3302115600 ESB 1818 10","SAF dorse dingili Bijon | SAF dorse dingili 1303111811-3302115600 | 1303111811-3302115600 Bijon | ESB 1818 10 Bijon | Bijon SAF Holland Dps","https://www.frenciniz.com/urun/369/bijon-saf-holland-dps-oem-1303111811-3302115600-esb-1818-10-ekersan","695","199.31"
"103","251","Bijon","Bijon Mercedes Actros Axor 84 mm OEM 3814011271 ESB 113 20-1","Mercedes-Benz Actros Bijon | Mercedes-Benz Actros 3814011271 | 3814011271 Bijon | ESB 113 20-1 Bijon | Bijon Mercedes Actros Axor 84 mm","https://www.frenciniz.com/urun/251/bijon-mercedes-actros-axor-84-mm-oem-3814011271-esb-113-20-1-ekersan","690","178.69"
"103","353","Bijon","Bijon Renault Premium Magnum Kerax Midlum 70 mm 370 420 OEM 5000737601 ESB 2313 10","Renault Trucks Premium Bijon | Renault Trucks Premium 5000737601 | 5000737601 Bijon | ESB 2313 10 Bijon | Bijon Renault Premium Magnum Kerax Midlum 70 mm 370 420","https://www.frenciniz.com/urun/353/bijon-renault-premium-magnum-kerax-midlum-70-mm-370-420-oem-5000737601-esb-2313-10-ekersan","619","199.31"
"103","360","Bijon","Bijon Fruehauf SMB 106 mm OEM A-FA0230 ESB 2112 10","Dorse / treyler Bijon | Dorse / treyler A-FA0230 | A-FA0230 Bijon | ESB 2112 10 Bijon | Bijon Fruehauf SMB 106 mm","https://www.frenciniz.com/urun/360/bijon-fruehauf-smb-106-mm-oem-a-fa0230-esb-2112-10-ekersan","570","211.68"
"103","20","Bijon","Bijon Iveco Eurocargo Stralis Dps OEM 42117459 ESB 670 10","Iveco Eurocargo Bijon | Iveco Eurocargo 42117459 | 42117459 Bijon | ESB 670 10 Bijon | Bijon Iveco Eurocargo Stralis Dps","https://www.frenciniz.com/urun/20/bijon-iveco-eurocargo-stralis-dps-oem-42117459-esb-670-10-ekersan","560","199.31"
"103","320","Bijon","Bijon Scania P G R Dps OEM 20515519 ESB 460 10","Scania P/G/R serisi Bijon | Scania P/G/R serisi 20515519 | 20515519 Bijon | ESB 460 10 Bijon | Bijon Scania P G R Dps","https://www.frenciniz.com/urun/320/bijon-scania-p-g-r-dps-oem-20515519-esb-460-10-ekersan","510","199.31"
"103","285","Bijon","Bijon Scania P G R 96 mm OEM 1868668 ESB 914 10-R","Scania P/G/R serisi Bijon | Scania P/G/R serisi 1868668 | 1868668 Bijon | ESB 914 10-R Bijon | Bijon Scania P G R 96 mm","https://www.frenciniz.com/urun/285/bijon-scania-p-g-r-96-mm-oem-1868668-esb-914-10-r-ekersan","480","210.3"
"103","359","Bijon","Bijon Fruehauf SMB DPS OEM M069131-M200048-M69131-M069123 ESB 2117 10","Dorse / treyler Bijon | Dorse / treyler M069131-M200048-M69131-M069123 | M069131-M200048-M69131-M069123 Bijon | ESB 2117 10 Bijon | Bijon Fruehauf SMB DPS","https://www.frenciniz.com/urun/359/bijon-fruehauf-smb-dps-oem-m069131-m200048-m69131-m069123-esb-2117-10-ekersan","480","211.69"
"103","356","Bijon","Bijon Renault Premium Magnum Kerax Midlum DPS 370 420 OEM 5010439317-5010439406 ESB 2311 10","Renault Trucks Premium Bijon | Renault Trucks Premium 5010439317-5010439406 | 5010439317-5010439406 Bijon | ESB 2311 10 Bijon | Bijon Renault Premium Magnum Kerax Midlum DPS 370 420","https://www.frenciniz.com/urun/356/bijon-renault-premium-magnum-kerax-midlum-dps-370-420-oem-5010439317-5010439406-esb-2311-10","470","215.8"
"103","362","Bijon","Bijon Dorse Treyler Dps OEM 20630 ESB 2110 10","Dorse dingil grubu Bijon | Dorse dingil grubu 20630 | 20630 Bijon | ESB 2110 10 Bijon | Bijon Dorse Treyler Dps","https://www.frenciniz.com/urun/362/bijon-dorse-treyler-dps-oem-20630-esb-2110-10-ekersan","450","211.68"
"103","296","Bijon","Bijon BMC Probus Profesyonel Fatih Pro Mitsubishi Canter Fuso Isuzu NPR NQR 97 mm OEM MC808846 ESB 810 20","BMC Probus Bijon | BMC Probus MC808846 | MC808846 Bijon | ESB 810 20 Bijon | Bijon BMC Probus Profesyonel Fatih Pro Mitsubishi Canter Fuso Isuzu NPR NQR 97 mm","https://www.frenciniz.com/urun/296/bijon-bmc-probus-profesyonel-fatih-pro-mitsubishi-canter-fuso-isuzu-npr-nqr-97-mm-oem-mc808846","420","214.43"
"103","361","Bijon","Bijon Dorse Treyler Dps OEM AJA0491001-AJB11623A-M006891-15613-11623- 6891 ESB 2111 10","Dorse dingil grubu Bijon | Dorse dingil grubu AJA0491001-AJB11623A-M006891-15613-11623- 6891 | AJA0491001-AJB11623A-M006891-15613-11623- 6891 Bijon | ESB 2111 10 Bijon | Bijon Dorse Treyler Dps","https://www.frenciniz.com/urun/361/bijon-dorse-treyler-dps-oem-aja0491001-ajb11623a-m006891-15613-11623-6891-esb-2111-10-ekersan","400","211.68"
"103","772","Fren Pabucu","Fren Pabucu BPW ECOPlus OEM (A) A4 H-24327","BPW dorse dingili Fren Pabucu | BPW dorse dingili (A) A4 | (A) A4 Fren Pabucu | H-24327 Fren Pabucu | Fren Pabucu BPW ECOPlus","https://www.frenciniz.com/urun/772/fren-pabucu-bpw-ecoplus-oem-a-a4-h-24327-ekersan","389","42.24"
"103","771","Fren Pabucu","Fren Pabucu BPW ECOPlus OEM (A) A4 H-24328","BPW dorse dingili Fren Pabucu | BPW dorse dingili (A) A4 | (A) A4 Fren Pabucu | H-24328 Fren Pabucu | Fren Pabucu BPW ECOPlus","https://www.frenciniz.com/urun/771/fren-pabucu-bpw-ecoplus-oem-a-a4-h-24328-ekersan","382","42.24"
"103","16","Bijon","Bijon Scania P G R 115 mm Arka OEM 1847739 ESB 919 10","Scania P/G/R serisi Bijon | Scania P/G/R serisi 1847739 | 1847739 Bijon | ESB 919 10 Bijon | Bijon Scania P G R 115 mm Arka","https://www.frenciniz.com/urun/16/bijon-scania-p-g-r-115-mm-arka-oem-1847739-esb-919-10-ekersan","380","218.55"
"103","67","Bijon","Bijon Mercedes Actros Axor 128 mm Arka OEM 3814011471-81455010099 ESB 116 10-1","Mercedes-Benz Actros Bijon | Mercedes-Benz Actros 3814011471-81455010099 | 3814011471-81455010099 Bijon | ESB 116 10-1 Bijon | Bijon Mercedes Actros Axor 128 mm Arka","https://www.frenciniz.com/urun/67/bijon-mercedes-actros-axor-128-mm-arka-oem-3814011471-81455010099-esb-116-10-1-ekersan","369","193.99"
"103","30","Bijon","Bijon Iveco Eurocargo Stralis Dps OEM 7168333 ESB 612 10","Iveco Eurocargo Bijon | Iveco Eurocargo 7168333 | 7168333 Bijon | ESB 612 10 Bijon | Bijon Iveco Eurocargo Stralis Dps","https://www.frenciniz.com/urun/30/bijon-iveco-eurocargo-stralis-dps-oem-7168333-esb-612-10-ekersan","344","134.7"
"103","316","Bijon","Bijon ROR Meritor 200 235 260 OEM 21022167 ESB 532 10","BMC Probus Bijon | BMC Probus 21022167 | 21022167 Bijon | ESB 532 10 Bijon | Bijon ROR Meritor 200 235 260","https://www.frenciniz.com/urun/316/bijon-ror-meritor-200-235-260-oem-21022167-esb-532-10-ekersan","280","199.31"
"103","391","Bijon","Bijon ROR Meritor 85 mm OEM 21022167 ESB 1313 10","ROR dorse dingili Bijon | ROR dorse dingili 21022167 | 21022167 Bijon | ESB 1313 10 Bijon | Bijon ROR Meritor 85 mm","https://www.frenciniz.com/urun/391/bijon-ror-meritor-85-mm-oem-21022167-esb-1313-10-ekersan","280","218.55"
"103","33","Bijon","Bijon Mercedes Actros Axor 105 mm DPS Arka OEM 3554010071-3814010671 ESB 112 10-1","Mercedes-Benz Actros Bijon | Mercedes-Benz Actros 3554010071-3814010671 | 3554010071-3814010671 Bijon | ESB 112 10-1 Bijon | Bijon Mercedes Actros Axor 105 mm DPS Arka","https://www.frenciniz.com/urun/33/bijon-mercedes-actros-axor-105-mm-dps-arka-oem-3554010071-3814010671-esb-112-10-1-ekersan","250","178.06"
"103","355","Bijon","Bijon Renault Premium Magnum Kerax Midlum 79 mm 370 2317 OEM 5010319141-190221 ESB 2311 20","Renault Trucks Premium Bijon | Renault Trucks Premium 5010319141-190221 | 5010319141-190221 Bijon | ESB 2311 20 Bijon | Bijon Renault Premium Magnum Kerax Midlum 79 mm 370 2317","https://www.frenciniz.com/urun/355/bijon-renault-premium-magnum-kerax-midlum-79-mm-370-2317-oem-5010319141-190221-esb-2311-20","250","199.31"
"103","381","Bijon","Bijon Mercedes Actros Axor DPS 403 OEM 3384015071 ESB 160 20-1","Mercedes-Benz Actros Bijon | Mercedes-Benz Actros 3384015071 | 3384015071 Bijon | ESB 160 20-1 Bijon | Bijon Mercedes Actros Axor DPS 403","https://www.frenciniz.com/urun/381/bijon-mercedes-actros-axor-dps-403-oem-3384015071-esb-160-20-1-ekersan","240","178.06"
"103","349","Bijon","Bijon Renault Premium Magnum Kerax Midlum 114 mm OEM 5010241892 ESB 2318 10","Renault Trucks Premium Bijon | Renault Trucks Premium 5010241892 | 5010241892 Bijon | ESB 2318 10 Bijon | Bijon Renault Premium Magnum Kerax Midlum 114 mm","https://www.frenciniz.com/urun/349/bijon-renault-premium-magnum-kerax-midlum-114-mm-oem-5010241892-esb-2318-10-ekersan","220","199.31"
"103","342","Bijon","Bijon MAN TGA Arka SKU ESB 261 10","MAN TGA Bijon | MAN TGA ESB 261 10 | ESB 261 10 Bijon | Bijon MAN TGA Arka","https://www.frenciniz.com/urun/342/bijon-man-tga-arka-sku-esb-261-10-ekersan","210","186.94"
"103","238","Bijon","Bijon Mercedes Actros Axor 128 mm DPS'L Arka 2517-2521 OEM 3814011471 ESB 192 10-1","Mercedes-Benz Actros Bijon | Mercedes-Benz Actros 3814011471 | 3814011471 Bijon | ESB 192 10-1 Bijon | Bijon Mercedes Actros Axor 128 mm DPS'L Arka 2517-2521","https://www.frenciniz.com/urun/238/bijon-mercedes-actros-axor-128-mm-dps-l-arka-2517-2521-oem-3814011471-esb-192-10-1-ekersan","198","198.65"
"103","243","Bijon","Bijon Mercedes Actros Axor 73 mm 800 OEM 3714017071 ESB 170 20","Mercedes-Benz Actros Bijon | Mercedes-Benz Actros 3714017071 | 3714017071 Bijon | ESB 170 20 Bijon | Bijon Mercedes Actros Axor 73 mm 800","https://www.frenciniz.com/urun/243/bijon-mercedes-actros-axor-73-mm-800-oem-3714017071-esb-170-20-ekersan","180","163.57"
"103","313","Bijon","Bijon Iveco Eurocargo Stralis 64 mm Arka OEM 7168257 ESB 611 10","Iveco Eurocargo Bijon | Iveco Eurocargo 7168257 | 7168257 Bijon | ESB 611 10 Bijon | Bijon Iveco Eurocargo Stralis 64 mm Arka","https://www.frenciniz.com/urun/313/bijon-iveco-eurocargo-stralis-64-mm-arka-oem-7168257-esb-611-10-ekersan","166","134.7"
"103","345","Bijon","Bijon Meritor ROR 95 mm OEM 9713579 ESB 2413 10","ROR dorse dingili Bijon | ROR dorse dingili 9713579 | 9713579 Bijon | ESB 2413 10 Bijon | Bijon Meritor ROR 95 mm","https://www.frenciniz.com/urun/345/bijon-meritor-ror-95-mm-oem-9713579-esb-2413-10-ekersan","160","215.8"
"103","358","Bijon","Bijon 100 mm OEM Efe Dorse Dipten Frezeli Bijon (100 mm) ESB 2240 10","Dorse / treyler Bijon | Dorse / treyler Efe Dorse Dipten Frezeli Bijon (100 mm) | Efe Dorse Dipten Frezeli Bijon (100 mm) Bijon | ESB 2240 10 Bijon | Bijon 100 mm","https://www.frenciniz.com/urun/358/bijon-100-mm-oem-efe-dorse-dipten-frezeli-bijon-100-mm-esb-2240-10-ekersan","160","255.66"
"103","2","Bijon","Bijon ROR Meritor 95 mm OEM 21022167 ESB 1315 10","ROR dorse dingili Bijon | ROR dorse dingili 21022167 | 21022167 Bijon | ESB 1315 10 Bijon | Bijon ROR Meritor 95 mm","https://www.frenciniz.com/urun/2/bijon-ror-meritor-95-mm-oem-21022167-esb-1315-10-ekersan","155","218.55"
"103","392","Bijon","Bijon ROR Meritor Dps OEM 21020977-21020997 ESB 1312 10","ROR dorse dingili Bijon | ROR dorse dingili 21020977-21020997 | 21020977-21020997 Bijon | ESB 1312 10 Bijon | Bijon ROR Meritor Dps","https://www.frenciniz.com/urun/392/bijon-ror-meritor-dps-oem-21020977-21020997-esb-1312-10-ekersan","150","218.55"
"103","393","Bijon","Bijon Mercedes Actros Axor Dps OEM 3814010171 ESB 111 20-1","Mercedes-Benz Actros Bijon | Mercedes-Benz Actros 3814010171 | 3814010171 Bijon | ESB 111 20-1 Bijon | Bijon Mercedes Actros Axor Dps","https://www.frenciniz.com/urun/393/bijon-mercedes-actros-axor-dps-oem-3814010171-esb-111-20-1-ekersan","140","180.79"
"103","32","Bijon","Bijon Mercedes Actros Axor 92 mm Dakromatlı Arka OEM 9424010371 ESB 180 10-3","Mercedes-Benz Axor Bijon | Mercedes-Benz Axor 9424010371 | 9424010371 Bijon | ESB 180 10-3 Bijon | Bijon Mercedes Actros Axor 92 mm Dakromatlı Arka","https://www.frenciniz.com/urun/32/bijon-mercedes-actros-axor-92-mm-dakromatli-arka-oem-9424010371-esb-180-10-3-ekersan","100","196.28"
"103","337","Bijon","Bijon BMC Probus Profesyonel Fatih Pro 82 mm E.M 214 OEM 7K13123 ESB 330 20","BMC Probus Bijon | BMC Probus 7K13123 | 7K13123 Bijon | ESB 330 20 Bijon | Bijon BMC Probus Profesyonel Fatih Pro 82 mm E.M 214","https://www.frenciniz.com/urun/337/bijon-bmc-probus-profesyonel-fatih-pro-82-mm-e-m-214-oem-7k13123-esb-330-20-ekersan","100","199.31"
"103","386","Bijon","Bijon Volvo FH FH12 FM FL 110 mm Arka OEM 1573083 ESB 1413 10","Volvo FH Bijon | Volvo FH 1573083 | 1573083 Bijon | ESB 1413 10 Bijon | Bijon Volvo FH FH12 FM FL 110 mm Arka","https://www.frenciniz.com/urun/386/bijon-volvo-fh-fh12-fm-fl-110-mm-arka-oem-1573083-esb-1413-10-ekersan","80","199.31"
"103","791","Fren Diski","Fren Diski BPW ECOPlus WABCO ABS EBS Y.M 100 OEM 0331008510 EYD 91 02","BPW dorse dingili Fren Diski | BPW dorse dingili 0331008510 | 0331008510 Fren Diski | EYD 91 02 Fren Diski | Fren Diski BPW ECOPlus WABCO ABS EBS Y.M 100","https://www.frenciniz.com/urun/791/fren-diski-bpw-ecoplus-wabco-abs-ebs-y-m-100-oem-0331008510-eyd-91-02-ekersan","70","264"
"103","382","Bijon","Bijon Volvo FH FH12 FM FL 100 mm Arka OEM 272740 ESB 1511 10","Volvo FH Bijon | Volvo FH 272740 | 272740 Bijon | ESB 1511 10 Bijon | Bijon Volvo FH FH12 FM FL 100 mm Arka","https://www.frenciniz.com/urun/382/bijon-volvo-fh-fh12-fm-fl-100-mm-arka-oem-272740-esb-1511-10-ekersan","60","178.69"
"103","314","Bijon","Bijon Iveco Eurocargo Stralis OEM 7168346 ESB 610 20","Iveco Eurocargo Bijon | Iveco Eurocargo 7168346 | 7168346 Bijon | ESB 610 20 Bijon | Bijon Iveco Eurocargo Stralis","https://www.frenciniz.com/urun/314/bijon-iveco-eurocargo-stralis-oem-7168346-esb-610-20-ekersan","34","120.96"
"103","29","Bijon","Bijon York Valx SKU ESB 3100 10","Dorse / treyler Bijon | Dorse / treyler ESB 3100 10 | ESB 3100 10 Bijon | Bijon York Valx","https://www.frenciniz.com/urun/29/bijon-york-valx-sku-esb-3100-10-ekersan","20","199.31"
"98","163","Fren Diski","Fren Diski Mitsubishi Canter Fuso Isuzu NPR NQR Ön OEM MK584503Y ESD 170 04","Mitsubishi Canter Fren Diski | Mitsubishi Canter MK584503Y | MK584503Y Fren Diski | ESD 170 04 Fren Diski | Fren Diski Mitsubishi Canter Fuso Isuzu NPR NQR Ön","https://www.frenciniz.com/urun/163/fren-diski-mitsubishi-canter-fuso-isuzu-npr-nqr-on-oem-mk584503y-esd-170-04-ekersan","18","3243.66"
"98","205","Fren Diski","Fren Diski Renault Premium Magnum Kerax Midlum Ön 150 OEM 5010422262 ESD 040 07","Renault Trucks Premium Fren Diski | Renault Trucks Premium 5010422262 | 5010422262 Fren Diski | ESD 040 07 Fren Diski | Fren Diski Renault Premium Magnum Kerax Midlum Ön 150","https://www.frenciniz.com/urun/205/fren-diski-renault-premium-magnum-kerax-midlum-on-150-oem-5010422262-esd-040-07-ekersan","18","4211.44"
"98","849","Fren Pabucu","Fren Pabucu MAN 22 cm Sol OEM (A) D3 EYD 206 09-1","MAN ağır vasıta Fren Pabucu | MAN ağır vasıta (A) D3 | (A) D3 Fren Pabucu | EYD 206 09-1 Fren Pabucu | Fren Pabucu MAN 22 cm Sol","https://www.frenciniz.com/urun/849/fren-pabucu-man-22-cm-sol-oem-a-d3-eyd-206-09-1-ekersan","18","2211"
"98","850","Fren Pabucu","Fren Pabucu MAN 22 cm SAĞ OEM (A) D3 EYD 206 09","MAN ağır vasıta Fren Pabucu | MAN ağır vasıta (A) D3 | (A) D3 Fren Pabucu | EYD 206 09 Fren Pabucu | Fren Pabucu MAN 22 cm SAĞ","https://www.frenciniz.com/urun/850/fren-pabucu-man-22-cm-sag-oem-a-d3-eyd-206-09-ekersan","18","2211"
"98","844","Fren Pabucu","Fren Pabucu Volvo FH FH12 FM FL 5 cm OEM 30.951.95 EYD 206 43-1","Volvo FH Fren Pabucu | Volvo FH 30.951.95 | 30.951.95 Fren Pabucu | EYD 206 43-1 Fren Pabucu | Fren Pabucu Volvo FH FH12 FM FL 5 cm","https://www.frenciniz.com/urun/844/fren-pabucu-volvo-fh-fh12-fm-fl-5-cm-oem-30-951-95-eyd-206-43-1-ekersan","17","1102.2"
