"campaign","ad_group","keyword","match_type","final_url","max_cpc_try","priority"
"FRN-Search-HighIntent-OEM-Lead","Knorr / WABCO / Meritor kaliper","29246 fren balatasi","Exact","https://www.frenciniz.com/29246-mercedes-axor-actros-fren-balatasi","6.00","sales-priority-1"
"FRN-Search-HighIntent-OEM-Lead","Knorr / WABCO / Meritor kaliper","29246 mercedes axor balata","Exact","https://www.frenciniz.com/29246-mercedes-axor-actros-fren-balatasi","6.00","sales-priority-1"
"FRN-Search-HighIntent-OEM-Lead","Knorr / WABCO / Meritor kaliper","mercedes axor 29246","Exact","https://www.frenciniz.com/29246-mercedes-axor-actros-fren-balatasi","6.00","sales-priority-1"
"FRN-Search-HighIntent-OEM-Lead","Knorr / WABCO / Meritor kaliper","actros 29246 fren balatasi","Exact","https://www.frenciniz.com/29246-mercedes-axor-actros-fren-balatasi","6.00","sales-priority-1"
"FRN-Search-HighIntent-OEM-Lead","Mercedes-Benz Actros/Axor fren balatasi","29087 fren balatasi","Exact","https://www.frenciniz.com/29087-mercedes-axor-actros-scania-fren-balatasi","6.00","sales-priority-1"
"FRN-Search-HighIntent-OEM-Lead","Mercedes-Benz Actros/Axor fren balatasi","29087 mercedes actros balata","Exact","https://www.frenciniz.com/29087-mercedes-axor-actros-scania-fren-balatasi","6.00","sales-priority-1"
"FRN-Search-HighIntent-OEM-Lead","Mercedes-Benz Actros/Axor fren balatasi","axor 29087 balata","Exact","https://www.frenciniz.com/29087-mercedes-axor-actros-scania-fren-balatasi","6.00","sales-priority-1"
"FRN-Search-HighIntent-OEM-Lead","Mercedes-Benz Actros/Axor fren balatasi","scania 29087 fren balatasi","Exact","https://www.frenciniz.com/29087-mercedes-axor-actros-scania-fren-balatasi","6.00","sales-priority-1"
"FRN-Search-HighIntent-OEM-Lead","MAN TGA fren balatasi","29279 fren balatasi","Exact","https://www.frenciniz.com/29279-man-tga-tgs-tgx-fren-balatasi","6.00","sales-priority-1"
"FRN-Search-HighIntent-OEM-Lead","MAN TGA fren balatasi","man 29279 balata","Exact","https://www.frenciniz.com/29279-man-tga-tgs-tgx-fren-balatasi","6.00","sales-priority-1"
"FRN-Search-HighIntent-OEM-Lead","MAN TGA fren balatasi","man tga tgs tgx fren balatasi","Exact","https://www.frenciniz.com/29279-man-tga-tgs-tgx-fren-balatasi","6.00","sales-priority-1"
"FRN-Search-HighIntent-OEM-Lead","MAN TGA fren balatasi","tgx 29279 balata","Exact","https://www.frenciniz.com/29279-man-tga-tgs-tgx-fren-balatasi","6.00","sales-priority-1"
"FRN-Search-HighIntent-OEM-Lead","Knorr / WABCO / Meritor kaliper","29159 fren balatasi","Exact","https://www.frenciniz.com/29159-29126-saf-dorse-fren-balatasi","6.00","sales-priority-1"
"FRN-Search-HighIntent-OEM-Lead","Knorr / WABCO / Meritor kaliper","29159 saf dorse balata","Exact","https://www.frenciniz.com/29159-29126-saf-dorse-fren-balatasi","6.00","sales-priority-1"
"FRN-Search-HighIntent-OEM-Lead","Knorr / WABCO / Meritor kaliper","29126 fren balatasi","Exact","https://www.frenciniz.com/29159-29126-saf-dorse-fren-balatasi","6.00","sales-priority-1"
"FRN-Search-HighIntent-OEM-Lead","Knorr / WABCO / Meritor kaliper","saf dorse fren balatasi","Exact","https://www.frenciniz.com/29159-29126-saf-dorse-fren-balatasi","6.00","sales-priority-1"
"FRN-Search-HighIntent-OEM-Lead","BPW dorse dingili fren balatasi","29165 fren balatasi","Exact","https://www.frenciniz.com/29165-29215-bpw-atego-dorse-fren-balatasi","6.00","sales-priority-1"
"FRN-Search-HighIntent-OEM-Lead","BPW dorse dingili fren balatasi","29215 fren balatasi","Exact","https://www.frenciniz.com/29165-29215-bpw-atego-dorse-fren-balatasi","6.00","sales-priority-1"
"FRN-Search-HighIntent-OEM-Lead","BPW dorse dingili fren balatasi","bpw atego 29165","Exact","https://www.frenciniz.com/29165-29215-bpw-atego-dorse-fren-balatasi","6.00","sales-priority-1"
"FRN-Search-HighIntent-OEM-Lead","BPW dorse dingili fren balatasi","bpw dorse fren balatasi","Exact","https://www.frenciniz.com/29165-29215-bpw-atego-dorse-fren-balatasi","6.00","sales-priority-1"
"FRN-Search-HighIntent-OEM-Lead","Mercedes-Benz Actros fren diski","9424212112 fren diski","Exact","https://www.frenciniz.com/9424212112-mercedes-axor-actros-fren-diski","6.00","sales-priority-1"
"FRN-Search-HighIntent-OEM-Lead","Mercedes-Benz Actros fren diski","mercedes axor 9424212112","Exact","https://www.frenciniz.com/9424212112-mercedes-axor-actros-fren-diski","6.00","sales-priority-1"
"FRN-Search-HighIntent-OEM-Lead","Mercedes-Benz Actros fren diski","actros fren diski 9424212112","Exact","https://www.frenciniz.com/9424212112-mercedes-axor-actros-fren-diski","6.00","sales-priority-1"
"FRN-Search-HighIntent-OEM-Lead","Mercedes-Benz Actros fren diski","9424211212 fren diski","Exact","https://www.frenciniz.com/9424212112-mercedes-axor-actros-fren-diski","6.00","sales-priority-1"
"FRN-Search-HighIntent-OEM-Lead","BPW dorse dingili fren diski","0308835057 fren diski","Exact","https://www.frenciniz.com/0308835057-bpw-kogel-krone-dorse-fren-diski","6.00","sales-priority-1"
"FRN-Search-HighIntent-OEM-Lead","BPW dorse dingili fren diski","bpw 0308835057","Exact","https://www.frenciniz.com/0308835057-bpw-kogel-krone-dorse-fren-diski","6.00","sales-priority-1"
"FRN-Search-HighIntent-OEM-Lead","BPW dorse dingili fren diski","bpw dorse fren diski","Exact","https://www.frenciniz.com/0308835057-bpw-kogel-krone-dorse-fren-diski","6.00","sales-priority-1"
"FRN-Search-HighIntent-OEM-Lead","BPW dorse dingili fren diski","kogel dorse fren diski","Exact","https://www.frenciniz.com/0308835057-bpw-kogel-krone-dorse-fren-diski","6.00","sales-priority-1"
"FRN-Search-HighIntent-OEM-Lead","Scania 4 serisi fren diski","1386686 fren diski","Exact","https://www.frenciniz.com/1386686-scania-pgr-fren-diski","6.00","sales-priority-1"
"FRN-Search-HighIntent-OEM-Lead","Scania 4 serisi fren diski","scania 1386686","Exact","https://www.frenciniz.com/1386686-scania-pgr-fren-diski","6.00","sales-priority-1"
"FRN-Search-HighIntent-OEM-Lead","Scania 4 serisi fren diski","scania pgr fren diski","Exact","https://www.frenciniz.com/1386686-scania-pgr-fren-diski","6.00","sales-priority-1"
"FRN-Search-HighIntent-OEM-Lead","Scania 4 serisi fren diski","1402272 fren diski","Exact","https://www.frenciniz.com/1386686-scania-pgr-fren-diski","6.00","sales-priority-1"
"FRN-Search-HighIntent-OEM-Lead","Mercedes-Benz Actros/Axor fren balatasi","29244 fren balatasi","Exact","https://www.frenciniz.com/29244-mercedes-axor-actros-arka-fren-balatasi","6.00","sales-priority-1"
"FRN-Search-HighIntent-OEM-Lead","Mercedes-Benz Actros/Axor fren balatasi","29244 mercedes axor arka balata","Exact","https://www.frenciniz.com/29244-mercedes-axor-actros-arka-fren-balatasi","6.00","sales-priority-1"
"FRN-Search-HighIntent-OEM-Lead","Mercedes-Benz Actros/Axor fren balatasi","actros 29244 balata","Exact","https://www.frenciniz.com/29244-mercedes-axor-actros-arka-fren-balatasi","6.00","sales-priority-1"
"FRN-Search-HighIntent-OEM-Lead","Mercedes-Benz Actros/Axor fren balatasi","Mercedes-Benz Actros/Axor fren balatasi","Exact","https://www.frenciniz.com/29244-mercedes-axor-actros-arka-fren-balatasi","6.00","sales-priority-1"
"FRN-Search-HighIntent-OEM-Lead","Mercedes-Benz Axor fren balatasi","Mercedes-Benz Axor fren balatasi","Exact","https://www.frenciniz.com/29244-mercedes-axor-actros-arka-fren-balatasi","6.00","sales-priority-1"
"FRN-Search-HighIntent-OEM-Lead","Knorr / WABCO / Meritor kaliper","29195 fren balatasi","Exact","https://www.frenciniz.com/29195-saf-dorse-fren-balatasi","6.00","sales-priority-1"
"FRN-Search-HighIntent-OEM-Lead","Knorr / WABCO / Meritor kaliper","29195 saf dorse balata","Exact","https://www.frenciniz.com/29195-saf-dorse-fren-balatasi","6.00","sales-priority-1"
"FRN-Search-HighIntent-OEM-Lead","Knorr / WABCO / Meritor kaliper","saf 29195","Exact","https://www.frenciniz.com/29195-saf-dorse-fren-balatasi","6.00","sales-priority-1"
"FRN-Search-HighIntent-OEM-Lead","Knorr / WABCO / Meritor kaliper","krone dorse 29195 balata","Exact","https://www.frenciniz.com/29195-saf-dorse-fren-balatasi","6.00","sales-priority-1"
"FRN-Search-HighIntent-OEM-Lead","Knorr / WABCO / Meritor kaliper","29171 fren balatasi","Exact","https://www.frenciniz.com/29171-bpw-kogel-dorse-fren-balatasi","6.00","sales-priority-1"
"FRN-Search-HighIntent-OEM-Lead","Knorr / WABCO / Meritor kaliper","29171 bpw dorse balata","Exact","https://www.frenciniz.com/29171-bpw-kogel-dorse-fren-balatasi","6.00","sales-priority-1"
"FRN-Search-HighIntent-OEM-Lead","Knorr / WABCO / Meritor kaliper","kogel dorse 29171","Exact","https://www.frenciniz.com/29171-bpw-kogel-dorse-fren-balatasi","6.00","sales-priority-1"
"FRN-Search-HighIntent-OEM-Lead","Knorr / WABCO / Meritor kaliper","bpw kogel fren balatasi","Exact","https://www.frenciniz.com/29171-bpw-kogel-dorse-fren-balatasi","6.00","sales-priority-1"
"FRN-Search-HighIntent-OEM-Lead","MAN TGM fren diski","81508030042 fren diski","Exact","https://www.frenciniz.com/81508030042-man-tgl-tgm-fren-diski","6.00","sales-priority-1"
"FRN-Search-HighIntent-OEM-Lead","MAN TGM fren diski","man tgl fren diski","Exact","https://www.frenciniz.com/81508030042-man-tgl-tgm-fren-diski","6.00","sales-priority-1"
"FRN-Search-HighIntent-OEM-Lead","MAN TGM fren diski","man tgm fren diski","Exact","https://www.frenciniz.com/81508030042-man-tgl-tgm-fren-diski","6.00","sales-priority-1"
"FRN-Search-HighIntent-OEM-Lead","MAN TGM fren diski","man 81508030042","Exact","https://www.frenciniz.com/81508030042-man-tgl-tgm-fren-diski","6.00","sales-priority-1"
"FRN-Search-HighIntent-OEM-Lead","Scania P/G/R serisi süspansiyon körüğü","1903608 koruk","Exact","https://www.frenciniz.com/1903608-scania-pgr-suspansiyon-korugu","6.00","sales-priority-1"
"FRN-Search-HighIntent-OEM-Lead","Scania P/G/R serisi süspansiyon körüğü","scania 1903608 suspansiyon korugu","Exact","https://www.frenciniz.com/1903608-scania-pgr-suspansiyon-korugu","6.00","sales-priority-1"
"FRN-Search-HighIntent-OEM-Lead","Scania P/G/R serisi süspansiyon körüğü","scania hava korugu","Exact","https://www.frenciniz.com/1903608-scania-pgr-suspansiyon-korugu","6.00","sales-priority-1"
"FRN-Search-HighIntent-OEM-Lead","Scania P/G/R serisi süspansiyon körüğü","1774804 koruk","Exact","https://www.frenciniz.com/1903608-scania-pgr-suspansiyon-korugu","6.00","sales-priority-1"
"FRN-Search-HighIntent-OEM-Lead","BMC Probus bijon","21022167 bijon","Exact","https://www.frenciniz.com/urun/316/21022167-ror-meritor-dorse-bijon-esb-532-10-ekersan","6.00","sales-priority-1"
"FRN-Search-HighIntent-OEM-Lead","BMC Probus bijon","ror meritor bijon","Exact","https://www.frenciniz.com/urun/316/21022167-ror-meritor-dorse-bijon-esb-532-10-ekersan","6.00","sales-priority-1"
"FRN-Search-HighIntent-OEM-Lead","BMC Probus bijon","dorse bijon 21022167","Exact","https://www.frenciniz.com/urun/316/21022167-ror-meritor-dorse-bijon-esb-532-10-ekersan","6.00","sales-priority-1"
"FRN-Search-HighIntent-OEM-Lead","BMC Probus bijon","BMC Probus bijon","Exact","https://www.frenciniz.com/urun/316/21022167-ror-meritor-dorse-bijon-esb-532-10-ekersan","6.00","sales-priority-1"
"FRN-Search-HighIntent-OEM-Lead","ROR dorse dingili bijon","ROR dorse dingili bijon","Exact","https://www.frenciniz.com/urun/391/21022167-ror-meritor-dorse-bijon-esb-1313-10-ekersan","6.00","sales-priority-1"
"FRN-Search-HighIntent-OEM-Lead","Knorr / WABCO / Meritor kaliper","31796200 disk bijonu","Exact","https://www.frenciniz.com/urun/9/31796200-ror-meritor-knorr-wabco-disk-bijonu-esb-4000-12-ekersan","6.00","sales-priority-1"
"FRN-Search-HighIntent-OEM-Lead","Knorr / WABCO / Meritor kaliper","knorr wabco disk bijonu","Exact","https://www.frenciniz.com/urun/9/31796200-ror-meritor-knorr-wabco-disk-bijonu-esb-4000-12-ekersan","6.00","sales-priority-1"
"FRN-Search-HighIntent-OEM-Lead","Knorr / WABCO / Meritor kaliper","ror meritor disk bijonu","Exact","https://www.frenciniz.com/urun/9/31796200-ror-meritor-knorr-wabco-disk-bijonu-esb-4000-12-ekersan","6.00","sales-priority-1"
"FRN-Search-HighIntent-OEM-Lead","Knorr / WABCO / Meritor kaliper","Knorr / WABCO / Meritor kaliper uygulamaları fren diski","Exact","https://www.frenciniz.com/urun/9/31796200-ror-meritor-knorr-wabco-disk-bijonu-esb-4000-12-ekersan","6.00","sales-priority-1"
"FRN-Search-HighIntent-OEM-Lead","Mercedes-Benz Actros fren diski","Mercedes-Benz Actros fren diski","Exact","https://www.frenciniz.com/urun/231/9434210312-mercedes-axor-actros-fren-diski-esd-010-12-ekersan","6.00","sales-priority-1"
"FRN-Search-HighIntent-OEM-Lead","Mercedes-Benz Actros fren diski","Mercedes-Benz Axor fren diski","Exact","https://www.frenciniz.com/urun/231/9434210312-mercedes-axor-actros-fren-diski-esd-010-12-ekersan","6.00","sales-priority-1"
"FRN-Search-HighIntent-OEM-Lead","Mercedes-Benz Actros fren diski","Actros 1840 fren diski","Exact","https://www.frenciniz.com/urun/231/9434210312-mercedes-axor-actros-fren-diski-esd-010-12-ekersan","6.00","sales-priority-1"
"FRN-Search-HighIntent-OEM-Lead","Mercedes-Benz Actros fren diski","Actros 1841 fren diski","Exact","https://www.frenciniz.com/urun/231/9434210312-mercedes-axor-actros-fren-diski-esd-010-12-ekersan","6.00","sales-priority-1"
"FRN-Search-HighIntent-OEM-Lead","Iveco Eurocargo fren diski","Iveco Eurocargo fren diski","Exact","https://www.frenciniz.com/urun/216/2995812-ford-cargo-fren-diski-esd-030-09-ekersan","6.00","sales-priority-1"
"FRN-Search-HighIntent-OEM-Lead","Iveco Eurocargo fren diski","Iveco Eurotech fren diski","Exact","https://www.frenciniz.com/urun/216/2995812-ford-cargo-fren-diski-esd-030-09-ekersan","6.00","sales-priority-1"
"FRN-Search-HighIntent-OEM-Lead","Iveco Eurocargo fren diski","Iveco Stralis fren diski","Exact","https://www.frenciniz.com/urun/216/2995812-ford-cargo-fren-diski-esd-030-09-ekersan","6.00","sales-priority-1"
"FRN-Search-HighIntent-OEM-Lead","Iveco Eurocargo fren diski","Otoyol / Iveco otobüs fren diski","Exact","https://www.frenciniz.com/urun/216/2995812-ford-cargo-fren-diski-esd-030-09-ekersan","6.00","sales-priority-1"
"FRN-Search-HighIntent-OEM-Lead","Mercedes-Benz Actros fren diski","Mercedes-Benz Arocs fren diski","Exact","https://www.frenciniz.com/urun/227/9604210412-mercedes-axor-actros-arocs-fren-diski-ekersan","6.00","sales-priority-1"
"FRN-Search-HighIntent-OEM-Lead","MAN TGA fren diski","MAN TGA fren diski","Exact","https://www.frenciniz.com/urun/224/81508030040-man-fortuna-otobus-fren-diski-esd-020-09-ekersan","6.00","sales-priority-1"
"FRN-Search-HighIntent-OEM-Lead","MAN TGA fren diski","MAN TGS fren diski","Exact","https://www.frenciniz.com/urun/224/81508030040-man-fortuna-otobus-fren-diski-esd-020-09-ekersan","6.00","sales-priority-1"
"FRN-Search-HighIntent-OEM-Lead","MAN TGA fren diski","MAN TGX fren diski","Exact","https://www.frenciniz.com/urun/224/81508030040-man-fortuna-otobus-fren-diski-esd-020-09-ekersan","6.00","sales-priority-1"
"FRN-Search-HighIntent-OEM-Lead","Otokar Doruk fren diski","Otokar Doruk fren diski","Exact","https://www.frenciniz.com/urun/169/82135830-mercedes-travego-tourismo-man-fortuna-otobus-fren-diski-esd-140-01-ekersan","6.00","sales-priority-1"
"FRN-Search-HighIntent-OEM-Lead","Otokar Doruk fren diski","Otokar Sultan fren diski","Exact","https://www.frenciniz.com/urun/169/82135830-mercedes-travego-tourismo-man-fortuna-otobus-fren-diski-esd-140-01-ekersan","6.00","sales-priority-1"
"FRN-Search-HighIntent-OEM-Lead","Otokar Doruk fren diski","Karsan Atak fren diski","Exact","https://www.frenciniz.com/urun/169/82135830-mercedes-travego-tourismo-man-fortuna-otobus-fren-diski-esd-140-01-ekersan","6.00","sales-priority-1"
"FRN-Search-HighIntent-OEM-Lead","Otokar Doruk fren diski","Mercedes-Benz Travego/Tourismo fren diski","Exact","https://www.frenciniz.com/urun/169/82135830-mercedes-travego-tourismo-man-fortuna-otobus-fren-diski-esd-140-01-ekersan","6.00","sales-priority-1"
"FRN-Search-HighIntent-OEM-Lead","Scania 4 serisi fren diski","Scania 4 serisi fren diski","Exact","https://www.frenciniz.com/urun/203/1387439-scania-p-g-r-fren-diski-ekersan","6.00","sales-priority-1"
"FRN-Search-HighIntent-OEM-Lead","Scania 4 serisi fren diski","Scania P/G/R serisi fren diski","Exact","https://www.frenciniz.com/urun/203/1387439-scania-p-g-r-fren-diski-ekersan","6.00","sales-priority-1"
"FRN-Search-HighIntent-OEM-Lead","Scania 4 serisi fren diski","Scania P serisi fren diski","Exact","https://www.frenciniz.com/urun/203/1387439-scania-p-g-r-fren-diski-ekersan","6.00","sales-priority-1"
"FRN-Search-HighIntent-OEM-Lead","Scania 4 serisi fren diski","Scania G420 fren diski","Exact","https://www.frenciniz.com/urun/203/1387439-scania-p-g-r-fren-diski-ekersan","6.00","sales-priority-1"
"FRN-Search-HighIntent-OEM-Lead","SAF dorse dingili fren diski","SAF dorse dingili fren diski","Exact","https://www.frenciniz.com/urun/193/407000500-ford-cargo-saf-dorse-krone-dorse-kogel-dorse-fren-diski-esd-070-12-ekersan","6.00","sales-priority-1"
"FRN-Search-HighIntent-OEM-Lead","SAF dorse dingili fren diski","SAF Holland treyler fren diski","Exact","https://www.frenciniz.com/urun/193/407000500-ford-cargo-saf-dorse-krone-dorse-kogel-dorse-fren-diski-esd-070-12-ekersan","6.00","sales-priority-1"
"FRN-Search-HighIntent-OEM-Lead","SAF dorse dingili fren diski","SAF Holland fren diski","Exact","https://www.frenciniz.com/urun/193/407000500-ford-cargo-saf-dorse-krone-dorse-kogel-dorse-fren-diski-esd-070-12-ekersan","6.00","sales-priority-1"
"FRN-Search-HighIntent-OEM-Lead","SAF dorse dingili fren diski","SAF Intradisc fren diski","Exact","https://www.frenciniz.com/urun/193/407000500-ford-cargo-saf-dorse-krone-dorse-kogel-dorse-fren-diski-esd-070-12-ekersan","6.00","sales-priority-1"
"FRN-Search-HighIntent-OEM-Lead","BPW dorse dingili fren diski","BPW dorse dingili fren diski","Exact","https://www.frenciniz.com/urun/188/0308835030-ford-cargo-bpw-dorse-krone-dorse-kogel-dorse-fren-diski-esd-070-20-ekersan","6.00","sales-priority-1"
"FRN-Search-HighIntent-OEM-Lead","BPW dorse dingili fren diski","BPW ECOPlus dingil fren diski","Exact","https://www.frenciniz.com/urun/188/0308835030-ford-cargo-bpw-dorse-krone-dorse-kogel-dorse-fren-diski-esd-070-20-ekersan","6.00","sales-priority-1"
"FRN-Search-HighIntent-OEM-Lead","BPW dorse dingili fren diski","BPW treyler fren diski","Exact","https://www.frenciniz.com/urun/188/0308835030-ford-cargo-bpw-dorse-krone-dorse-kogel-dorse-fren-diski-esd-070-20-ekersan","6.00","sales-priority-1"
"FRN-Search-HighIntent-OEM-Lead","BPW dorse dingili fren diski","BPW ECOPlus fren diski","Exact","https://www.frenciniz.com/urun/188/0308835030-ford-cargo-bpw-dorse-krone-dorse-kogel-dorse-fren-diski-esd-070-20-ekersan","6.00","sales-priority-1"
"FRN-Search-HighIntent-OEM-Lead","Volvo FH fren diski","Volvo FH fren diski","Exact","https://www.frenciniz.com/urun/175/85103803-volvo-fh12-fm-fl-fren-diski-esd-110-01-ekersan","6.00","sales-priority-1"
"FRN-Search-HighIntent-OEM-Lead","Volvo FH fren diski","Volvo FM fren diski","Exact","https://www.frenciniz.com/urun/175/85103803-volvo-fh12-fm-fl-fren-diski-esd-110-01-ekersan","6.00","sales-priority-1"
"FRN-Search-HighIntent-OEM-Lead","Volvo FH fren diski","Volvo FL fren diski","Exact","https://www.frenciniz.com/urun/175/85103803-volvo-fh12-fm-fl-fren-diski-esd-110-01-ekersan","6.00","sales-priority-1"
"FRN-Search-HighIntent-OEM-Lead","Volvo FH fren diski","Volvo FH12 fren diski","Exact","https://www.frenciniz.com/urun/175/85103803-volvo-fh12-fm-fl-fren-diski-esd-110-01-ekersan","6.00","sales-priority-1"
"FRN-Search-HighIntent-OEM-Lead","Ford Cargo fren diski","Ford Cargo fren diski","Exact","https://www.frenciniz.com/urun/74/dc462a315aa-ford-cargo-krone-dorse-kogel-dorse-fren-diski-abs-li-arka-ekersan","6.00","sales-priority-1"
"FRN-Search-HighIntent-OEM-Lead","Ford Cargo fren diski","WABCO ABS/EBS sistemi fren diski","Exact","https://www.frenciniz.com/urun/74/dc462a315aa-ford-cargo-krone-dorse-kogel-dorse-fren-diski-abs-li-arka-ekersan","6.00","sales-priority-1"
"FRN-Search-HighIntent-OEM-Lead","Ford Cargo fren diski","Dorse EBS sistemi fren diski","Exact","https://www.frenciniz.com/urun/74/dc462a315aa-ford-cargo-krone-dorse-kogel-dorse-fren-diski-abs-li-arka-ekersan","6.00","sales-priority-1"
"FRN-Search-HighIntent-OEM-Lead","Ford Cargo fren diski","Kamyon / treyler ABS sensör hattı fren diski","Exact","https://www.frenciniz.com/urun/74/dc462a315aa-ford-cargo-krone-dorse-kogel-dorse-fren-diski-abs-li-arka-ekersan","6.00","sales-priority-1"
"FRN-Search-HighIntent-OEM-Lead","MAN L2000 fren diski","MAN L2000 fren diski","Exact","https://www.frenciniz.com/urun/226/81508030026-man-tga-tgs-tgx-tgm-fren-diski-esd-020-04-ekersan","6.00","sales-priority-1"
"FRN-Search-HighIntent-OEM-Lead","MAN L2000 fren diski","MAN M2000 fren diski","Exact","https://www.frenciniz.com/urun/226/81508030026-man-tga-tgs-tgx-tgm-fren-diski-esd-020-04-ekersan","6.00","sales-priority-1"
"FRN-Search-HighIntent-OEM-Lead","MAN L2000 fren diski","MAN TGA 18.430 fren diski","Exact","https://www.frenciniz.com/urun/226/81508030026-man-tga-tgs-tgx-tgm-fren-diski-esd-020-04-ekersan","6.00","sales-priority-1"
"FRN-Search-HighIntent-OEM-Lead","MAN L2000 fren diski","MAN TGA 18.460 fren diski","Exact","https://www.frenciniz.com/urun/226/81508030026-man-tga-tgs-tgx-tgm-fren-diski-esd-020-04-ekersan","6.00","sales-priority-1"
"FRN-Search-HighIntent-OEM-Lead","Iveco Eurocargo fren diski","Iveco Trakker fren diski","Exact","https://www.frenciniz.com/urun/215/7187541-ford-cargo-fren-diski-6cm-14-delik-on-ekersan","6.00","sales-priority-1"
"FRN-Search-HighIntent-OEM-Lead","Iveco Eurocargo fren diski","Iveco Stralis 430 fren diski","Exact","https://www.frenciniz.com/urun/215/7187541-ford-cargo-fren-diski-6cm-14-delik-on-ekersan","6.00","sales-priority-1"
"FRN-Search-HighIntent-OEM-Lead","Kamyon fren kampanasi","Kamyon fren kampanasi","Exact","https://www.frenciniz.com/urun/97/52809-ford-cargo-krone-dorse-kogel-dorse-fren-kampanasi-esk-160-29-s-ekersan","6.00","sales-priority-1"
"FRN-Search-HighIntent-OEM-Lead","Kamyon fren kampanasi","Tır / çekici fren kampanasi","Exact","https://www.frenciniz.com/urun/97/52809-ford-cargo-krone-dorse-kogel-dorse-fren-kampanasi-esk-160-29-s-ekersan","6.00","sales-priority-1"
"FRN-Search-HighIntent-OEM-Lead","Kamyon fren kampanasi","Otobüs fren kampanasi","Exact","https://www.frenciniz.com/urun/97/52809-ford-cargo-krone-dorse-kogel-dorse-fren-kampanasi-esk-160-29-s-ekersan","6.00","sales-priority-1"
"FRN-Search-HighIntent-OEM-Lead","Kamyon fren kampanasi","Dorse fren kampanasi","Exact","https://www.frenciniz.com/urun/97/52809-ford-cargo-krone-dorse-kogel-dorse-fren-kampanasi-esk-160-29-s-ekersan","6.00","sales-priority-1"
"FRN-Search-HighIntent-OEM-Lead","Ford Cargo fren kampanasi","Ford Cargo fren kampanasi","Exact","https://www.frenciniz.com/urun/133/9c46-1125-ab-ford-cargo-fren-kampanasi-esk-040-12-ekersan","6.00","sales-priority-1"
"FRN-Search-HighIntent-OEM-Lead","Ford Cargo fren kampanasi","Ford Cargo 1846 fren kampanasi","Exact","https://www.frenciniz.com/urun/133/9c46-1125-ab-ford-cargo-fren-kampanasi-esk-040-12-ekersan","6.00","sales-priority-1"
"FRN-Search-HighIntent-OEM-Lead","Ford Cargo fren kampanasi","Ford Cargo 3230 fren kampanasi","Exact","https://www.frenciniz.com/urun/133/9c46-1125-ab-ford-cargo-fren-kampanasi-esk-040-12-ekersan","6.00","sales-priority-1"
"FRN-Search-HighIntent-OEM-Lead","Ford Cargo fren kampanasi","Ford Cargo 3238 fren kampanasi","Exact","https://www.frenciniz.com/urun/133/9c46-1125-ab-ford-cargo-fren-kampanasi-esk-040-12-ekersan","6.00","sales-priority-1"
"FRN-Search-HighIntent-OEM-Lead","Dorse / treyler fren kampanasi","Dorse / treyler fren kampanasi","Exact","https://www.frenciniz.com/urun/91/ford-cargo-krone-dorse-kogel-dorse-fren-kampanasi-esk-160-87-ekersan","6.00","sales-priority-1"
"FRN-Search-HighIntent-OEM-Lead","Dorse / treyler fren kampanasi","Yerel dorse dingil grubu fren kampanasi","Exact","https://www.frenciniz.com/urun/91/ford-cargo-krone-dorse-kogel-dorse-fren-kampanasi-esk-160-87-ekersan","6.00","sales-priority-1"
"FRN-Search-HighIntent-OEM-Lead","Dorse / treyler fren kampanasi","Krone dorse fren kampanasi","Exact","https://www.frenciniz.com/urun/91/ford-cargo-krone-dorse-kogel-dorse-fren-kampanasi-esk-160-87-ekersan","6.00","sales-priority-1"
"FRN-Search-HighIntent-OEM-Lead","Dorse / treyler fren kampanasi","Kögel dorse fren kampanasi","Exact","https://www.frenciniz.com/urun/91/ford-cargo-krone-dorse-kogel-dorse-fren-kampanasi-esk-160-87-ekersan","6.00","sales-priority-1"
"FRN-Search-HighIntent-OEM-Lead","Mercedes-Benz Actros fren kampanasi","Mercedes-Benz Actros fren kampanasi","Exact","https://www.frenciniz.com/urun/153/6584210001-mercedes-axor-actros-fren-kampanasi-esk-010-41-ekersan","6.00","sales-priority-1"
"FRN-Search-HighIntent-OEM-Lead","Mercedes-Benz Actros fren kampanasi","Mercedes-Benz Axor fren kampanasi","Exact","https://www.frenciniz.com/urun/153/6584210001-mercedes-axor-actros-fren-kampanasi-esk-010-41-ekersan","6.00","sales-priority-1"
"FRN-Search-HighIntent-OEM-Lead","Mercedes-Benz Actros fren kampanasi","Actros 1840 fren kampanasi","Exact","https://www.frenciniz.com/urun/153/6584210001-mercedes-axor-actros-fren-kampanasi-esk-010-41-ekersan","6.00","sales-priority-1"
"FRN-Search-HighIntent-OEM-Lead","Mercedes-Benz Actros fren kampanasi","Actros 1841 fren kampanasi","Exact","https://www.frenciniz.com/urun/153/6584210001-mercedes-axor-actros-fren-kampanasi-esk-010-41-ekersan","6.00","sales-priority-1"
"FRN-Search-HighIntent-OEM-Lead","Mercedes-Benz Actros fren balatasi","Mercedes-Benz Actros fren balatasi","Exact","https://www.frenciniz.com/urun/481/19488-mercedes-axor-actros-man-tga-tgs-tgx-tgm-fren-balatasi-22-lik-ekersan","6.00","sales-priority-1"
"FRN-Search-HighIntent-OEM-Lead","Mercedes-Benz Actros fren balatasi","Actros 1840 fren balatasi","Exact","https://www.frenciniz.com/urun/481/19488-mercedes-axor-actros-man-tga-tgs-tgx-tgm-fren-balatasi-22-lik-ekersan","6.00","sales-priority-1"
"FRN-Search-HighIntent-OEM-Lead","Mercedes-Benz Actros fren balatasi","Actros 1841 fren balatasi","Exact","https://www.frenciniz.com/urun/481/19488-mercedes-axor-actros-man-tga-tgs-tgx-tgm-fren-balatasi-22-lik-ekersan","6.00","sales-priority-1"
"FRN-Search-HighIntent-OEM-Lead","Mercedes-Benz Actros bijon","Mercedes-Benz Actros bijon","Exact","https://www.frenciniz.com/urun/56/9424010271-4012371-mercedes-axor-actros-bijon-dps-esb-180-20-ekersan","6.00","sales-priority-1"
"FRN-Search-HighIntent-OEM-Lead","Mercedes-Benz Actros bijon","Mercedes-Benz Axor bijon","Exact","https://www.frenciniz.com/urun/56/9424010271-4012371-mercedes-axor-actros-bijon-dps-esb-180-20-ekersan","6.00","sales-priority-1"
"FRN-Search-HighIntent-OEM-Lead","Mercedes-Benz Actros bijon","Actros 1840 bijon","Exact","https://www.frenciniz.com/urun/56/9424010271-4012371-mercedes-axor-actros-bijon-dps-esb-180-20-ekersan","6.00","sales-priority-1"
"FRN-Search-HighIntent-OEM-Lead","Mercedes-Benz Actros bijon","Actros 1841 bijon","Exact","https://www.frenciniz.com/urun/56/9424010271-4012371-mercedes-axor-actros-bijon-dps-esb-180-20-ekersan","6.00","sales-priority-1"
"FRN-Search-HighIntent-OEM-Lead","Iveco Eurocargo bijon","Iveco Eurocargo bijon","Exact","https://www.frenciniz.com/urun/373/1303111810-ford-cargo-bijon-73-mm-ekersan","6.00","sales-priority-1"
"FRN-Search-HighIntent-OEM-Lead","Iveco Eurocargo bijon","Iveco Stralis bijon","Exact","https://www.frenciniz.com/urun/373/1303111810-ford-cargo-bijon-73-mm-ekersan","6.00","sales-priority-1"
"FRN-Search-HighIntent-OEM-Lead","Iveco Eurocargo bijon","Iveco Trakker bijon","Exact","https://www.frenciniz.com/urun/373/1303111810-ford-cargo-bijon-73-mm-ekersan","6.00","sales-priority-1"
"FRN-Search-HighIntent-OEM-Lead","Iveco Eurocargo bijon","SAF dorse dingili bijon","Exact","https://www.frenciniz.com/urun/373/1303111810-ford-cargo-bijon-73-mm-ekersan","6.00","sales-priority-1"
"FRN-Search-HighIntent-OEM-Lead","BPW dorse dingili bijon","BPW dorse dingili bijon","Exact","https://www.frenciniz.com/urun/377/329633110-ford-cargo-bpw-dorse-krone-dorse-kogel-dorse-bijon-dps-esb-1722-10-ekersan","6.00","sales-priority-1"
"FRN-Search-HighIntent-OEM-Lead","BPW dorse dingili bijon","BPW treyler bijon","Exact","https://www.frenciniz.com/urun/377/329633110-ford-cargo-bpw-dorse-krone-dorse-kogel-dorse-bijon-dps-esb-1722-10-ekersan","6.00","sales-priority-1"
"FRN-Search-HighIntent-OEM-Lead","BPW dorse dingili bijon","BPW ECOPlus bijon","Exact","https://www.frenciniz.com/urun/377/329633110-ford-cargo-bpw-dorse-krone-dorse-kogel-dorse-bijon-dps-esb-1722-10-ekersan","6.00","sales-priority-1"
"FRN-Search-HighIntent-OEM-Lead","BPW dorse dingili bijon","BPW 9 ton bijon","Exact","https://www.frenciniz.com/urun/377/329633110-ford-cargo-bpw-dorse-krone-dorse-kogel-dorse-bijon-dps-esb-1722-10-ekersan","6.00","sales-priority-1"
"FRN-Search-HighIntent-OEM-Lead","Scania P/G/R serisi bijon","Scania P/G/R serisi bijon","Exact","https://www.frenciniz.com/urun/384/20515519-7420515519-volvo-fh12-fm-fl-scania-p-g-r-bijon-dps-esb-1426-10-ekersan","6.00","sales-priority-1"
"FRN-Search-HighIntent-OEM-Lead","Scania P/G/R serisi bijon","Volvo FH/FM bijon","Exact","https://www.frenciniz.com/urun/384/20515519-7420515519-volvo-fh12-fm-fl-scania-p-g-r-bijon-dps-esb-1426-10-ekersan","6.00","sales-priority-1"
"FRN-Search-HighIntent-OEM-Lead","Scania P/G/R serisi bijon","Scania P serisi bijon","Exact","https://www.frenciniz.com/urun/384/20515519-7420515519-volvo-fh12-fm-fl-scania-p-g-r-bijon-dps-esb-1426-10-ekersan","6.00","sales-priority-1"
"FRN-Search-HighIntent-OEM-Lead","Scania P/G/R serisi bijon","Scania G420 bijon","Exact","https://www.frenciniz.com/urun/384/20515519-7420515519-volvo-fh12-fm-fl-scania-p-g-r-bijon-dps-esb-1426-10-ekersan","6.00","sales-priority-1"
"FRN-Search-HighIntent-OEM-Lead","Mercedes-Benz Axor fren diski","Axor 1840 fren diski","Exact","https://www.frenciniz.com/urun/329/4343291410-mercedes-axor-ford-cargo-saf-dorse-disk-bijonu-ekersan","6.00","sales-priority-1"
"FRN-Search-HighIntent-OEM-Lead","Mercedes-Benz Axor porya","Mercedes-Benz Axor porya","Exact","https://www.frenciniz.com/urun/767/9433340945-mercedes-axor-porya-on-esp-01-39-01-ekersan","6.00","sales-priority-1"
"FRN-Search-HighIntent-OEM-Lead","Mercedes-Benz Axor porya","Axor 1840 porya","Exact","https://www.frenciniz.com/urun/767/9433340945-mercedes-axor-porya-on-esp-01-39-01-ekersan","6.00","sales-priority-1"
"FRN-Search-HighIntent-OEM-Lead","Mercedes-Benz Axor porya","Axor 1843 porya","Exact","https://www.frenciniz.com/urun/767/9433340945-mercedes-axor-porya-on-esp-01-39-01-ekersan","6.00","sales-priority-1"
"FRN-Search-HighIntent-OEM-Lead","Mercedes-Benz Axor porya","Axor 2528 porya","Exact","https://www.frenciniz.com/urun/767/9433340945-mercedes-axor-porya-on-esp-01-39-01-ekersan","6.00","sales-priority-1"
"FRN-Search-HighIntent-OEM-Lead","Ford Cargo porya","Ford Cargo porya","Exact","https://www.frenciniz.com/urun/753/a333k4561-ford-cargo-porya-35-30-ekersan","6.00","sales-priority-1"
"FRN-Search-HighIntent-OEM-Lead","Ford Cargo porya","Ford Cargo 1846 porya","Exact","https://www.frenciniz.com/urun/753/a333k4561-ford-cargo-porya-35-30-ekersan","6.00","sales-priority-1"
"FRN-Search-HighIntent-OEM-Lead","Ford Cargo porya","Ford Cargo 3230 porya","Exact","https://www.frenciniz.com/urun/753/a333k4561-ford-cargo-porya-35-30-ekersan","6.00","sales-priority-1"
"FRN-Search-HighIntent-OEM-Lead","Ford Cargo porya","Ford Cargo 3238 porya","Exact","https://www.frenciniz.com/urun/753/a333k4561-ford-cargo-porya-35-30-ekersan","6.00","sales-priority-1"
"FRN-Search-HighIntent-OEM-Lead","BPW dorse dingili porya","BPW dorse dingili porya","Exact","https://www.frenciniz.com/urun/655/0327280140-ford-cargo-bpw-dorse-krone-dorse-kogel-dorse-porya-esp-16-16-02-ekersan","6.00","sales-priority-1"
"FRN-Search-HighIntent-OEM-Lead","BPW dorse dingili porya","BPW ECOPlus dingil porya","Exact","https://www.frenciniz.com/urun/655/0327280140-ford-cargo-bpw-dorse-krone-dorse-kogel-dorse-porya-esp-16-16-02-ekersan","6.00","sales-priority-1"
"FRN-Search-HighIntent-OEM-Lead","BPW dorse dingili porya","BPW treyler porya","Exact","https://www.frenciniz.com/urun/655/0327280140-ford-cargo-bpw-dorse-krone-dorse-kogel-dorse-porya-esp-16-16-02-ekersan","6.00","sales-priority-1"
"FRN-Search-HighIntent-OEM-Lead","BPW dorse dingili porya","BPW ECOPlus porya","Exact","https://www.frenciniz.com/urun/655/0327280140-ford-cargo-bpw-dorse-krone-dorse-kogel-dorse-porya-esp-16-16-02-ekersan","6.00","sales-priority-1"
"FRN-Search-HighIntent-OEM-Lead","Scania P/G/R serisi porya","Scania P/G/R serisi porya","Exact","https://www.frenciniz.com/urun/493/1391617-volvo-fh12-fm-fl-scania-p-g-r-porya-ekersan","6.00","sales-priority-1"
"FRN-Search-HighIntent-OEM-Lead","Scania P/G/R serisi porya","Volvo FH/FM porya","Exact","https://www.frenciniz.com/urun/493/1391617-volvo-fh12-fm-fl-scania-p-g-r-porya-ekersan","6.00","sales-priority-1"
"FRN-Search-HighIntent-OEM-Lead","Scania P/G/R serisi porya","Scania P serisi porya","Exact","https://www.frenciniz.com/urun/493/1391617-volvo-fh12-fm-fl-scania-p-g-r-porya-ekersan","6.00","sales-priority-1"
"FRN-Search-HighIntent-OEM-Lead","Scania P/G/R serisi porya","Scania G420 porya","Exact","https://www.frenciniz.com/urun/493/1391617-volvo-fh12-fm-fl-scania-p-g-r-porya-ekersan","6.00","sales-priority-1"
"FRN-Search-HighIntent-OEM-Lead","SAF dorse dingili porya","SAF dorse dingili porya","Exact","https://www.frenciniz.com/urun/743/3307305600-ford-cargo-saf-dorse-krone-dorse-kogel-dorse-porya-esp-18-13-ekersan","6.00","sales-priority-1"
"FRN-Search-HighIntent-OEM-Lead","SAF dorse dingili porya","SAF Holland treyler porya","Exact","https://www.frenciniz.com/urun/743/3307305600-ford-cargo-saf-dorse-krone-dorse-kogel-dorse-porya-esp-18-13-ekersan","6.00","sales-priority-1"
"FRN-Search-HighIntent-OEM-Lead","SAF dorse dingili porya","Dorse porya / bijon grubu porya","Exact","https://www.frenciniz.com/urun/743/3307305600-ford-cargo-saf-dorse-krone-dorse-kogel-dorse-porya-esp-18-13-ekersan","6.00","sales-priority-1"
"FRN-Search-HighIntent-OEM-Lead","SAF dorse dingili porya","SAF Holland porya","Exact","https://www.frenciniz.com/urun/743/3307305600-ford-cargo-saf-dorse-krone-dorse-kogel-dorse-porya-esp-18-13-ekersan","6.00","sales-priority-1"
"FRN-Search-HighIntent-OEM-Lead","Disk fren imdatlı fren körüğü fren diski","Disk fren imdatlı fren körüğü fren diski","Exact","https://www.frenciniz.com/urun/972/8682644620299-ford-cargo-krone-dorse-kogel-dorse-16-24-d-p-imdatli-fren-korugu-64-mm-disk-tipi","6.00","sales-priority-1"
"FRN-Search-HighIntent-OEM-Lead","Disk fren imdatlı fren körüğü fren diski","Kampana fren imdatlı fren körüğü fren diski","Exact","https://www.frenciniz.com/urun/972/8682644620299-ford-cargo-krone-dorse-kogel-dorse-16-24-d-p-imdatli-fren-korugu-64-mm-disk-tipi","6.00","sales-priority-1"
"FRN-Search-HighIntent-OEM-Lead","Disk fren imdatlı fren körüğü fren diski","Dorse fren körüğü fren diski","Exact","https://www.frenciniz.com/urun/972/8682644620299-ford-cargo-krone-dorse-kogel-dorse-16-24-d-p-imdatli-fren-korugu-64-mm-disk-tipi","6.00","sales-priority-1"
"FRN-Search-HighIntent-OEM-Lead","Disk fren imdatlı fren körüğü fren diski","Krone dorse fren diski","Exact","https://www.frenciniz.com/urun/972/8682644620299-ford-cargo-krone-dorse-kogel-dorse-16-24-d-p-imdatli-fren-korugu-64-mm-disk-tipi","6.00","sales-priority-1"
"FRN-Search-HighIntent-OEM-Lead","Renault Trucks fren körüğü","Renault Trucks fren körüğü","Exact","https://www.frenciniz.com/urun/962/8682644620022-renault-premium-magnum-kerax-midlum-d-serisi-imdatli-fren-korugu-servis-8109","6.00","sales-priority-1"
"FRN-Search-HighIntent-OEM-Lead","Renault Trucks fren körüğü","Disk fren imdatlı fren körüğü fren körüğü","Exact","https://www.frenciniz.com/urun/962/8682644620022-renault-premium-magnum-kerax-midlum-d-serisi-imdatli-fren-korugu-servis-8109","6.00","sales-priority-1"
"FRN-Search-HighIntent-OEM-Lead","Renault Trucks fren körüğü","Kampana fren imdatlı fren körüğü fren körüğü","Exact","https://www.frenciniz.com/urun/962/8682644620022-renault-premium-magnum-kerax-midlum-d-serisi-imdatli-fren-korugu-servis-8109","6.00","sales-priority-1"
"FRN-Search-HighIntent-OEM-Lead","Renault Trucks fren körüğü","Dorse fren körüğü fren körüğü","Exact","https://www.frenciniz.com/urun/962/8682644620022-renault-premium-magnum-kerax-midlum-d-serisi-imdatli-fren-korugu-servis-8109","6.00","sales-priority-1"
"FRN-Search-HighIntent-OEM-Lead","Mercedes-Benz Actros fren circiri","Mercedes-Benz Actros fren circiri","Exact","https://www.frenciniz.com/urun/51/6234201538-mercedes-axor-actros-otomatik-fren-circiri-esc-80159-ekersan","6.00","sales-priority-1"
"FRN-Search-HighIntent-OEM-Lead","Mercedes-Benz Actros fren circiri","Mercedes-Benz Axor fren circiri","Exact","https://www.frenciniz.com/urun/51/6234201538-mercedes-axor-actros-otomatik-fren-circiri-esc-80159-ekersan","6.00","sales-priority-1"
"FRN-Search-HighIntent-OEM-Lead","Mercedes-Benz Actros fren circiri","Actros 1840 fren circiri","Exact","https://www.frenciniz.com/urun/51/6234201538-mercedes-axor-actros-otomatik-fren-circiri-esc-80159-ekersan","6.00","sales-priority-1"
"FRN-Search-HighIntent-OEM-Lead","Mercedes-Benz Actros fren circiri","Actros 1841 fren circiri","Exact","https://www.frenciniz.com/urun/51/6234201538-mercedes-axor-actros-otomatik-fren-circiri-esc-80159-ekersan","6.00","sales-priority-1"
"FRN-Search-HighIntent-OEM-Lead","Dorse / treyler fren circiri","Dorse / treyler fren circiri","Exact","https://www.frenciniz.com/urun/60/352194-ford-cargo-krone-dorse-kogel-dorse-fren-circiri-ekersan","6.00","sales-priority-1"
"FRN-Search-HighIntent-OEM-Lead","Dorse / treyler fren circiri","Fruehauf dorse dingili fren circiri","Exact","https://www.frenciniz.com/urun/60/352194-ford-cargo-krone-dorse-kogel-dorse-fren-circiri-ekersan","6.00","sales-priority-1"
"FRN-Search-HighIntent-OEM-Lead","Dorse / treyler fren circiri","SMB dorse dingili fren circiri","Exact","https://www.frenciniz.com/urun/60/352194-ford-cargo-krone-dorse-kogel-dorse-fren-circiri-ekersan","6.00","sales-priority-1"
"FRN-Search-HighIntent-OEM-Lead","Dorse / treyler fren circiri","Krone dorse fren circiri","Exact","https://www.frenciniz.com/urun/60/352194-ford-cargo-krone-dorse-kogel-dorse-fren-circiri-ekersan","6.00","sales-priority-1"
"FRN-Search-HighIntent-OEM-Lead","MAN TGA 18.430 fren circiri","MAN TGA 18.430 fren circiri","Exact","https://www.frenciniz.com/urun/403/81506106084-man-tga-tgs-tgx-tgm-otomatik-fren-circiri-sag-on-ekersan","6.00","sales-priority-1"
"FRN-Search-HighIntent-OEM-Lead","MAN TGA 18.430 fren circiri","MAN TGA 18.460 fren circiri","Exact","https://www.frenciniz.com/urun/403/81506106084-man-tga-tgs-tgx-tgm-otomatik-fren-circiri-sag-on-ekersan","6.00","sales-priority-1"
"FRN-Search-HighIntent-OEM-Lead","MAN TGA 18.430 fren circiri","MAN TGS 18.440 fren circiri","Exact","https://www.frenciniz.com/urun/403/81506106084-man-tga-tgs-tgx-tgm-otomatik-fren-circiri-sag-on-ekersan","6.00","sales-priority-1"
"FRN-Search-HighIntent-OEM-Lead","MAN TGA 18.430 fren circiri","MAN TGS 40.360 fren circiri","Exact","https://www.frenciniz.com/urun/403/81506106084-man-tga-tgs-tgx-tgm-otomatik-fren-circiri-sag-on-ekersan","6.00","sales-priority-1"
"FRN-Search-HighIntent-OEM-Lead","Scania P/G/R serisi fren circiri","Scania P/G/R serisi fren circiri","Exact","https://www.frenciniz.com/urun/408/72727-scania-p-g-r-fren-circiri-esc-72877-ekersan","6.00","sales-priority-1"
"FRN-Search-HighIntent-OEM-Lead","Scania P/G/R serisi fren circiri","Scania P serisi fren circiri","Exact","https://www.frenciniz.com/urun/408/72727-scania-p-g-r-fren-circiri-esc-72877-ekersan","6.00","sales-priority-1"
"FRN-Search-HighIntent-OEM-Lead","Scania P/G/R serisi fren circiri","Scania G420 fren circiri","Exact","https://www.frenciniz.com/urun/408/72727-scania-p-g-r-fren-circiri-esc-72877-ekersan","6.00","sales-priority-1"
"FRN-Search-HighIntent-OEM-Lead","Scania P/G/R serisi fren circiri","Scania G440 fren circiri","Exact","https://www.frenciniz.com/urun/408/72727-scania-p-g-r-fren-circiri-esc-72877-ekersan","6.00","sales-priority-1"
"FRN-Search-HighIntent-OEM-Lead","Knorr / WABCO / Meritor kaliper","Knorr / WABCO / Meritor kaliper uygulamaları kaliper tamir","Exact","https://www.frenciniz.com/urun/636/640-222-928-2-ror-meritor-knorr-wabco-kaliper-30-3750-ekersan","6.00","sales-priority-1"
"FRN-Search-HighIntent-OEM-Lead","Knorr / WABCO / Meritor kaliper","Disk fren montaj sistemi kaliper tamir","Exact","https://www.frenciniz.com/urun/636/640-222-928-2-ror-meritor-knorr-wabco-kaliper-30-3750-ekersan","6.00","sales-priority-1"
"FRN-Search-HighIntent-OEM-Lead","Knorr / WABCO / Meritor kaliper","ROR dorse kaliper tamir","Exact","https://www.frenciniz.com/urun/636/640-222-928-2-ror-meritor-knorr-wabco-kaliper-30-3750-ekersan","6.00","sales-priority-1"
"FRN-Search-HighIntent-OEM-Lead","Knorr / WABCO / Meritor kaliper","Meritor/ROR kaliper tamir","Exact","https://www.frenciniz.com/urun/636/640-222-928-2-ror-meritor-knorr-wabco-kaliper-30-3750-ekersan","6.00","sales-priority-1"
"FRN-Search-HighIntent-OEM-Lead","Meritor ELSA/DUCO kaliper sistemi kaliper","Meritor ELSA/DUCO kaliper sistemi kaliper tamir","Exact","https://www.frenciniz.com/urun/676/mck1116-ror-meritor-knorr-wabco-kaliper-20-2390-ekersan","6.00","sales-priority-1"
"FRN-Search-HighIntent-OEM-Lead","Meritor ELSA/DUCO kaliper sistemi kaliper","Volvo FH/FM kaliper tamir","Exact","https://www.frenciniz.com/urun/676/mck1116-ror-meritor-knorr-wabco-kaliper-20-2390-ekersan","6.00","sales-priority-1"
"FRN-Search-HighIntent-OEM-Lead","Meritor ELSA/DUCO kaliper sistemi kaliper","Renault Trucks Premium/Magnum kaliper tamir","Exact","https://www.frenciniz.com/urun/676/mck1116-ror-meritor-knorr-wabco-kaliper-20-2390-ekersan","6.00","sales-priority-1"
"FRN-Search-HighIntent-OEM-Lead","Meritor ELSA/DUCO kaliper sistemi kaliper","DAF CF/XF kaliper tamir","Exact","https://www.frenciniz.com/urun/676/mck1116-ror-meritor-knorr-wabco-kaliper-20-2390-ekersan","6.00","sales-priority-1"