"id","sku","name","category","group","stock","price","oem","url","next_action"
"1","ESC 1760-1","Mekanik Fren Cırcırı 7 Delik 10 Kanal EUR","Mekanik Fren Cırcırı","CIRCIR","600","1082.4","517465130-517465130-517465220-100001760-24490-A3450","https://www.frenciniz.com/urun/1/mekanik-fren-circiri-7-delik-10-kanal-eur-esc-1760-1-ekersan","Gercek urun fotosu veya kategoriye uygun AI urun gorseli hazirla"
"2","ESB 1315 10","Bijon ROR Meritor 95 mm","Bijon","BİJON","155","218.55","21022167","https://www.frenciniz.com/urun/2/bijon-ror-meritor-95-mm-esb-1315-10-ekersan","Gercek urun fotosu veya kategoriye uygun AI urun gorseli hazirla"
"3","ESC 79458","Otomatik Fren Cırcırı ESC 79458","Otomatik Fren Cırcırı","CIRCIR","25","1452","14632, 79308, 79075, 79308, 5010260115, 79308, 4W3055","https://www.frenciniz.com/urun/3/otomatik-fren-circiri-esc-79458-esc-79458-ekersan","Gercek urun fotosu veya kategoriye uygun AI urun gorseli hazirla"
"4","ESC 79445","Otomatik Fren Cırcırı Renault Midlum Premium Magnum","Otomatik Fren Cırcırı","CIRCIR","29","1452","5010098861, 50010098861, 14634, 79295, 72799, 05010098861, 4W2925, KB2925","https://www.frenciniz.com/urun/4/otomatik-fren-circiri-renault-midlum-premium-magnum-esc-79445-ekersan","Gercek urun fotosu veya kategoriye uygun AI urun gorseli hazirla"
"5","ESC 79444","Otomatik Fren Cırcırı Renault Midlum Premium Magnum","Otomatik Fren Cırcırı","CIRCIR","14","1452","5010098860, 50010098860, 14633, 79294, 72798, 05010098860, 4W2920, 4W2920, KB2920","https://www.frenciniz.com/urun/5/otomatik-fren-circiri-renault-midlum-premium-magnum-esc-79444-ekersan","Gercek urun fotosu veya kategoriye uygun AI urun gorseli hazirla"
"7","ESD 220 03","Fren Diski Krone Göbekli 430","Fren Diski","DİSK","179","4918.32","","https://www.frenciniz.com/urun/7/fren-diski-krone-gobekli-430-esd-220-03-ekersan","Gercek urun fotosu veya kategoriye uygun AI urun gorseli hazirla"
"252","ESB 112 20-1","Bijon Mercedes Actros Axor 1840 3340 4140 84 mm","Bijon","BİJON","2298","178.69","3814011271-3814010071","https://www.frenciniz.com/urun/252/bijon-mercedes-actros-axor-1840-3340-4140-84-mm-esb-112-20-1-ekersan","Gercek urun fotosu veya kategoriye uygun AI urun gorseli hazirla"
"282","ESD 030 25","Fren Diski Iveco Eurocargo Stralis Trakker Ön","Fren Diski","DİSK","54","4945.25","5802234113","https://www.frenciniz.com/urun/282/fren-diski-iveco-eurocargo-stralis-trakker-on-esd-030-25-ekersan","Gercek urun fotosu veya kategoriye uygun AI urun gorseli hazirla"
"364","ESB 2032 10","Bijon ESB 2032 10","Bijon","BİJON","30700","199.31","","https://www.frenciniz.com/urun/364/bijon-esb-2032-10-esb-2032-10-ekersan","Gercek urun fotosu veya kategoriye uygun AI urun gorseli hazirla"
"421","EYD 700 14-1","Porya EYD 700 14 1","Porya","PORYA","6","699.6","","https://www.frenciniz.com/urun/421/porya-eyd-700-14-1-eyd-700-14-1-ekersan","Gercek urun fotosu veya kategoriye uygun AI urun gorseli hazirla"
"422","FT 34810-K04F","Süspansiyon Körüğü FT 34810 K04F","Süspansiyon Körüğü","SÜSP. KÖRÜĞÜ","22","3300","","https://www.frenciniz.com/urun/422/suspansiyon-korugu-ft-34810-k04f-ft-34810-k04f-ekersan","Gercek urun fotosu veya kategoriye uygun AI urun gorseli hazirla"
"423","421128-1","Kaliper Mekanizması Bilyalı YILDIZ BAŞLI","Kaliper Ayar Mekanizması","KALİPER ÜRÜNLERİ","250","726","","https://www.frenciniz.com/urun/423/kaliper-mekanizmasi-bilyali-yildiz-basli-421128-1-ekersan","Gercek urun fotosu veya kategoriye uygun AI urun gorseli hazirla"
"424","EYD 92 30","Bijon Somunu EYD 92 30","Somun / Cıvata","BİJON","186","1056","","https://www.frenciniz.com/urun/424/bijon-somunu-eyd-92-30-eyd-92-30-ekersan","Gercek urun fotosu veya kategoriye uygun AI urun gorseli hazirla"
"425","EYD 70 67","YTE DORSE YAYI","Yay","FREN YAYLARI","76","66","","https://www.frenciniz.com/urun/425/yte-dorse-yayi-eyd-70-67-ekersan","Gercek urun fotosu veya kategoriye uygun AI urun gorseli hazirla"
"427","EYD 700 06-1","Porya Kapağı EYD 700 06 1","Porya","PORYA","2","462","","https://www.frenciniz.com/urun/427/porya-kapagi-eyd-700-06-1-eyd-700-06-1-ekersan","Gercek urun fotosu veya kategoriye uygun AI urun gorseli hazirla"
"428","FT 34644","Roll Körük Mercedes Travego Tourismo","Süspansiyon Körüğü","SÜSP. KÖRÜĞÜ","22","1320","0003270101 , 0003270201 , 3073270101 ,1134445","https://www.frenciniz.com/urun/428/roll-koruk-mercedes-travego-tourismo-ft-34644-ekersan","Gercek urun fotosu veya kategoriye uygun AI urun gorseli hazirla"
"429","FT 3498608-KP","Süspansiyon Körüğü FT 3498608 KP","Süspansiyon Körüğü","SÜSP. KÖRÜĞÜ","13","2970","","https://www.frenciniz.com/urun/429/suspansiyon-korugu-ft-3498608-kp-ft-3498608-kp-ekersan","Gercek urun fotosu veya kategoriye uygun AI urun gorseli hazirla"
"430","FT 34720","Roll Körük MAN TGA TGS TGX 40.360 40.460","Süspansiyon Körüğü","SÜSP. KÖRÜĞÜ","74","1320","3873280101 , 81436010033 , 1629193 , 0220024100","https://www.frenciniz.com/urun/430/roll-koruk-man-tga-tgs-tgx-40-360-40-460-ft-34720-ekersan","Gercek urun fotosu veya kategoriye uygun AI urun gorseli hazirla"
"431","EYD 92 28","Bijon Somunu EYD 92 28","Somun / Cıvata","BİJON","169","1056","","https://www.frenciniz.com/urun/431/bijon-somunu-eyd-92-28-eyd-92-28-ekersan","Gercek urun fotosu veya kategoriye uygun AI urun gorseli hazirla"
"432","EYD 70 04-3","TIRSAN DORSE KISA YAY 24 CM","Yay","FREN YAYLARI","300","72.6","(A) B4","https://www.frenciniz.com/urun/432/tirsan-dorse-kisa-yay-24-cm-eyd-70-04-3-ekersan","Gercek urun fotosu veya kategoriye uygun AI urun gorseli hazirla"
"433","EF-4410329880","MAN ABS SENSÖRÜ SAĞ 300CM","ABS Sensörü/Modülü/Kablo","SENSÖR VE UZATMALAR","20","831.6","","https://www.frenciniz.com/urun/433/man-abs-sensoru-sag-300cm-ef-4410329880-ekersan","Gercek urun fotosu veya kategoriye uygun AI urun gorseli hazirla"
"434","EF-4410329870","MAN ABS SENSÖRÜ SOL 300CM","ABS Sensörü/Modülü/Kablo","SENSÖR VE UZATMALAR","20","831.6","","https://www.frenciniz.com/urun/434/man-abs-sensoru-sol-300cm-ef-4410329870-ekersan","Gercek urun fotosu veya kategoriye uygun AI urun gorseli hazirla"
"435","EYD 70 66","JUMBO DORSE YAYI BPV","Yay","FREN YAYLARI","30","66","","https://www.frenciniz.com/urun/435/jumbo-dorse-yayi-bpv-eyd-70-66-ekersan","Gercek urun fotosu veya kategoriye uygun AI urun gorseli hazirla"
"436","8106-2","Fren Körüğü Disk imdatlı körüğü Kampana imdatlı körüğü körüğü 57 mm","Fren Körüğü","FREN KÖRÜKLERİ","120","3168","","https://www.frenciniz.com/urun/436/fren-korugu-disk-imdatli-korugu-kampana-imdatli-korugu-korugu-57-mm-8106-2-ekersan","Gercek urun fotosu veya kategoriye uygun AI urun gorseli hazirla"
"437","EYD 100 67-K","Fren Körüğü Disk imdatlı körüğü Kampana imdatlı körüğü körüğü","Fren Körüğü","FREN KÖRÜKLERİ","50","188.76","","https://www.frenciniz.com/urun/437/fren-korugu-disk-imdatli-korugu-kampana-imdatli-korugu-korugu-eyd-100-67-k-ekersan","Gercek urun fotosu veya kategoriye uygun AI urun gorseli hazirla"
"438","EYD 100 66-K","Fren Körüğü Disk imdatlı körüğü Kampana imdatlı körüğü körüğü","Fren Körüğü","FREN KÖRÜKLERİ","52","181.5","","https://www.frenciniz.com/urun/438/fren-korugu-disk-imdatli-korugu-kampana-imdatli-korugu-korugu-eyd-100-66-k-ekersan","Gercek urun fotosu veya kategoriye uygun AI urun gorseli hazirla"
"439","EYD 100 65-K","Fren Körüğü Disk imdatlı körüğü Kampana imdatlı körüğü körüğü","Fren Körüğü","FREN KÖRÜKLERİ","10","236.28","","https://www.frenciniz.com/urun/439/fren-korugu-disk-imdatli-korugu-kampana-imdatli-korugu-korugu-eyd-100-65-k-ekersan","Gercek urun fotosu veya kategoriye uygun AI urun gorseli hazirla"
"440","EYD 100 51-K","Fren Körüğü Disk imdatlı körüğü Kampana imdatlı körüğü körüğü","Fren Körüğü","FREN KÖRÜKLERİ","15","166.98","","https://www.frenciniz.com/urun/440/fren-korugu-disk-imdatli-korugu-kampana-imdatli-korugu-korugu-eyd-100-51-k-ekersan","Gercek urun fotosu veya kategoriye uygun AI urun gorseli hazirla"
"441","EYD 100 63-K","Fren Körüğü Disk imdatlı körüğü Kampana imdatlı körüğü körüğü","Fren Körüğü","FREN KÖRÜKLERİ","30","216.48","","https://www.frenciniz.com/urun/441/fren-korugu-disk-imdatli-korugu-kampana-imdatli-korugu-korugu-eyd-100-63-k-ekersan","Gercek urun fotosu veya kategoriye uygun AI urun gorseli hazirla"
"442","EYD 100 62-K","Fren Körüğü Disk imdatlı körüğü Kampana imdatlı körüğü körüğü","Fren Körüğü","FREN KÖRÜKLERİ","20","204.6","","https://www.frenciniz.com/urun/442/fren-korugu-disk-imdatli-korugu-kampana-imdatli-korugu-korugu-eyd-100-62-k-ekersan","Gercek urun fotosu veya kategoriye uygun AI urun gorseli hazirla"
"443","EYD 100 61-K","Fren Körüğü Disk imdatlı körüğü Kampana imdatlı körüğü körüğü","Fren Körüğü","FREN KÖRÜKLERİ","15","181.5","","https://www.frenciniz.com/urun/443/fren-korugu-disk-imdatli-korugu-kampana-imdatli-korugu-korugu-eyd-100-61-k-ekersan","Gercek urun fotosu veya kategoriye uygun AI urun gorseli hazirla"
"444","EYD 100 60-K","Fren Körüğü Disk imdatlı körüğü Kampana imdatlı körüğü körüğü","Fren Körüğü","FREN KÖRÜKLERİ","10","174.24","","https://www.frenciniz.com/urun/444/fren-korugu-disk-imdatli-korugu-kampana-imdatli-korugu-korugu-eyd-100-60-k-ekersan","Gercek urun fotosu veya kategoriye uygun AI urun gorseli hazirla"
"445","EYD 100 40-K","Fren Körüğü Disk imdatlı körüğü Kampana imdatlı körüğü körüğü","Fren Körüğü","FREN KÖRÜKLERİ","15","211.2","","https://www.frenciniz.com/urun/445/fren-korugu-disk-imdatli-korugu-kampana-imdatli-korugu-korugu-eyd-100-40-k-ekersan","Gercek urun fotosu veya kategoriye uygun AI urun gorseli hazirla"
"446","FT 34220-2P01","Süspansiyon Körüğü FT 34220 2P01","Süspansiyon Körüğü","SÜSP. KÖRÜĞÜ","221","726","","https://www.frenciniz.com/urun/446/suspansiyon-korugu-ft-34220-2p01-ft-34220-2p01-ekersan","Gercek urun fotosu veya kategoriye uygun AI urun gorseli hazirla"
"448","424705.S01","Pistonsuz Körük MAN TGA TGS TGX 40.360 40.460","Süspansiyon Körüğü","SÜSP. KÖRÜĞÜ","19","2277","81436010155","https://www.frenciniz.com/urun/448/pistonsuz-koruk-man-tga-tgs-tgx-40-360-40-460-424705-s01-ekersan","Gercek urun fotosu veya kategoriye uygun AI urun gorseli hazirla"
"451","FT 344022","Süspansiyon Körüğü FT 344022","Süspansiyon Körüğü","SÜSP. KÖRÜĞÜ","20","1518","","https://www.frenciniz.com/urun/451/suspansiyon-korugu-ft-344022-ft-344022-ekersan","Gercek urun fotosu veya kategoriye uygun AI urun gorseli hazirla"
"452","FT 344183","Süspansiyon Körüğü FT 344183","Süspansiyon Körüğü","SÜSP. KÖRÜĞÜ","25","1518","","https://www.frenciniz.com/urun/452/suspansiyon-korugu-ft-344183-ft-344183-ekersan","Gercek urun fotosu veya kategoriye uygun AI urun gorseli hazirla"
"453","FX-3180","FRENCO KALİPER TM.TK.SAF - SOL","Kaliper Tamir Takımı","KALİPER ÜRÜNLERİ","1","5893.8","","https://www.frenciniz.com/urun/453/frenco-kaliper-tm-tk-saf-sol-fx-3180-ekersan","Gercek urun fotosu veya kategoriye uygun AI urun gorseli hazirla"
"454","EYD 075059","Fren Pabucu SAF Holland","Fren Pabucu","FREN PABUÇLARI","1","145.2","","https://www.frenciniz.com/urun/454/fren-pabucu-saf-holland-eyd-075059-ekersan","Gercek urun fotosu veya kategoriye uygun AI urun gorseli hazirla"
"456","FT 34813-K","Süspansiyon Körüğü FT 34813 K","Süspansiyon Körüğü","SÜSP. KÖRÜĞÜ","55","2178","","https://www.frenciniz.com/urun/456/suspansiyon-korugu-ft-34813-k-ft-34813-k-ekersan","Gercek urun fotosu veya kategoriye uygun AI urun gorseli hazirla"
"460","ARF 16/24 D/P - R","Fren Körüğü Disk imdatlı körüğü Kampana imdatlı körüğü körüğü SAĞ","Fren Körüğü","FREN KÖRÜKLERİ","43","5940","23.616.24.63","https://www.frenciniz.com/urun/460/fren-korugu-disk-imdatli-korugu-kampana-imdatli-korugu-korugu-sag-arf-16-24-d-p-r-ekersan","Gercek urun fotosu veya kategoriye uygun AI urun gorseli hazirla"
"462","ARF 24 SFK D - L","Fren Körüğü SAF Holland Sol","Fren Körüğü","FREN KÖRÜKLERİ","41","1980","01.124.00.08","https://www.frenciniz.com/urun/462/fren-korugu-saf-holland-sol-arf-24-sfk-d-l-ekersan","Gercek urun fotosu veya kategoriye uygun AI urun gorseli hazirla"
"464","ARF 20 SFK D - R","Fren Körüğü SAF Holland SAĞ","Fren Körüğü","FREN KÖRÜKLERİ","57","1980","01.120.00.93","https://www.frenciniz.com/urun/464/fren-korugu-saf-holland-sag-arf-20-sfk-d-r-ekersan","Gercek urun fotosu veya kategoriye uygun AI urun gorseli hazirla"
"465","ARF 30/30 D/P- K","Fren Körüğü Disk imdatlı körüğü Kampana imdatlı körüğü körüğü","Fren Körüğü","FREN KÖRÜKLERİ","94","6270","23.730.30.06","https://www.frenciniz.com/urun/465/fren-korugu-disk-imdatli-korugu-kampana-imdatli-korugu-korugu-arf-30-30-d-p-k-ekersan","Gercek urun fotosu veya kategoriye uygun AI urun gorseli hazirla"
"466","ARF 24/24 D/P- K","Fren Körüğü Disk imdatlı körüğü Kampana imdatlı körüğü körüğü","Fren Körüğü","FREN KÖRÜKLERİ","23","6270","23.724.24.158","https://www.frenciniz.com/urun/466/fren-korugu-disk-imdatli-korugu-kampana-imdatli-korugu-korugu-arf-24-24-d-p-k-ekersan","Gercek urun fotosu veya kategoriye uygun AI urun gorseli hazirla"
"468","ARF 20/24 D/P","Fren Körüğü Disk imdatlı körüğü Kampana imdatlı körüğü körüğü","Fren Körüğü","FREN KÖRÜKLERİ","106","5940","30.620.24.09 - 30.620.24.08 - 23.620.24.42","https://www.frenciniz.com/urun/468/fren-korugu-disk-imdatli-korugu-kampana-imdatli-korugu-korugu-arf-20-24-d-p-ekersan","Gercek urun fotosu veya kategoriye uygun AI urun gorseli hazirla"
"469","ARF 16/24 D/P - L","Fren Körüğü Disk imdatlı körüğü Kampana imdatlı körüğü körüğü Sol","Fren Körüğü","FREN KÖRÜKLERİ","58","5940","23.616.24.62","https://www.frenciniz.com/urun/469/fren-korugu-disk-imdatli-korugu-kampana-imdatli-korugu-korugu-sol-arf-16-24-d-p-l-ekersan","Gercek urun fotosu veya kategoriye uygun AI urun gorseli hazirla"
"470","ARF 20 SFK D - L","Fren Körüğü SAF Holland Sol","Fren Körüğü","FREN KÖRÜKLERİ","57","1980","01.120.00.92","https://www.frenciniz.com/urun/470/fren-korugu-saf-holland-sol-arf-20-sfk-d-l-ekersan","Gercek urun fotosu veya kategoriye uygun AI urun gorseli hazirla"
"485","427003.S","Süspansiyon Körüğü 427003 S","Süspansiyon Körüğü","SÜSP. KÖRÜĞÜ","57","2178","515069174S , 09377003S","https://www.frenciniz.com/urun/485/suspansiyon-korugu-427003-s-427003-s-ekersan","Gercek urun fotosu veya kategoriye uygun AI urun gorseli hazirla"
"487","425832.CP","Süspansiyon Körüğü Ford Cargo 1833 1846 2532 3232","Süspansiyon Körüğü","SÜSP. KÖRÜĞÜ","98","2904","","https://www.frenciniz.com/urun/487/suspansiyon-korugu-ford-cargo-1833-1846-2532-3232-425832-cp-ekersan","Gercek urun fotosu veya kategoriye uygun AI urun gorseli hazirla"
"488","ESP.30.04","Porya 200 mm","Porya","PORYA","3","6223.8","","https://www.frenciniz.com/urun/488/porya-200-mm-esp-30-04-ekersan","Gercek urun fotosu veya kategoriye uygun AI urun gorseli hazirla"
"489","ESP.30.03","Porya ESP 30 03","Porya","PORYA","1","5920.2","","https://www.frenciniz.com/urun/489/porya-esp-30-03-esp-30-03-ekersan","Gercek urun fotosu veya kategoriye uygun AI urun gorseli hazirla"
"491","EYD 92 07","Bijon EYD 92 07","Bijon","BİJON","43","462","","https://www.frenciniz.com/urun/491/bijon-eyd-92-07-eyd-92-07-ekersan","Gercek urun fotosu veya kategoriye uygun AI urun gorseli hazirla"
"492","EYD 92 06","Bijon EYD 92 06","Bijon","BİJON","42","462","","https://www.frenciniz.com/urun/492/bijon-eyd-92-06-eyd-92-06-ekersan","Gercek urun fotosu veya kategoriye uygun AI urun gorseli hazirla"
"534","421889.C","Süspansiyon Körüğü Ford Cargo 1833 1846 2532 3232","Süspansiyon Körüğü","SÜSP. KÖRÜĞÜ","5","2956.8","9C465580BAN , t179769","https://www.frenciniz.com/urun/534/suspansiyon-korugu-ford-cargo-1833-1846-2532-3232-421889-c-ekersan","Gercek urun fotosu veya kategoriye uygun AI urun gorseli hazirla"
"538","EYD 80 33","24V ELEKTRİK KABLOSU (DİŞİ)","Elektrik Kablosu","SENSÖR VE UZATMALAR","5","28.38","","https://www.frenciniz.com/urun/538/24v-elektrik-kablosu-disi-eyd-80-33-ekersan","Gercek urun fotosu veya kategoriye uygun AI urun gorseli hazirla"
"539","EYD 80 32","24V ELEKTRİK KABLOSU (ERKEK)","Elektrik Kablosu","SENSÖR VE UZATMALAR","3","28.38","","https://www.frenciniz.com/urun/539/24v-elektrik-kablosu-erkek-eyd-80-32-ekersan","Gercek urun fotosu veya kategoriye uygun AI urun gorseli hazirla"
"549","424159.CP","Süspansiyon Körüğü 424159 CP","Süspansiyon Körüğü","SÜSP. KÖRÜĞÜ","21","3036","UJA0894001 , MLF7035","https://www.frenciniz.com/urun/549/suspansiyon-korugu-424159-cp-424159-cp-ekersan","Gercek urun fotosu veya kategoriye uygun AI urun gorseli hazirla"
"550","303.08.0001.02","Ebs Dorse Kontrol Ventili Tamir Takimi","EBS Modülatör","SENSÖR VE UZATMALAR","1","29.3","","https://www.frenciniz.com/urun/550/ebs-dorse-kontrol-ventili-tamir-takimi-303-08-0001-02-ekersan","Gercek urun fotosu veya kategoriye uygun AI urun gorseli hazirla"
"558","EYD 100 71-1","Fren Körüğü Disk imdatlı körüğü Kampana imdatlı körüğü körüğü","Fren Körüğü","FREN KÖRÜKLERİ","296","396","","https://www.frenciniz.com/urun/558/fren-korugu-disk-imdatli-korugu-kampana-imdatli-korugu-korugu-eyd-100-71-1-ekersan","Gercek urun fotosu veya kategoriye uygun AI urun gorseli hazirla"
"563","ESP.26.27","Porya ESP 26 27","Porya","PORYA","3","8045.4","","https://www.frenciniz.com/urun/563/porya-esp-26-27-esp-26-27-ekersan","Gercek urun fotosu veya kategoriye uygun AI urun gorseli hazirla"
"566","426290.S1","Süspansiyon Körüğü 426290 S1","Süspansiyon Körüğü","SÜSP. KÖRÜĞÜ","4","1821.6","","https://www.frenciniz.com/urun/566/suspansiyon-korugu-426290-s1-426290-s1-ekersan","Gercek urun fotosu veya kategoriye uygun AI urun gorseli hazirla"
"601","424930.S","Süspansiyon Körüğü 424930 S","Süspansiyon Körüğü","SÜSP. KÖRÜĞÜ","48","1914","","https://www.frenciniz.com/urun/601/suspansiyon-korugu-424930-s-424930-s-ekersan","Gercek urun fotosu veya kategoriye uygun AI urun gorseli hazirla"
"602","424933.S","Süspansiyon Körüğü 424933 S","Süspansiyon Körüğü","SÜSP. KÖRÜĞÜ","48","2112","","https://www.frenciniz.com/urun/602/suspansiyon-korugu-424933-s-424933-s-ekersan","Gercek urun fotosu veya kategoriye uygun AI urun gorseli hazirla"
"603","424933.C","Süspansiyon Körüğü Scania G420 R420 Arka Y.M","Süspansiyon Körüğü","SÜSP. KÖRÜĞÜ","43","3828","2617887 , 1434933 , 1434933","https://www.frenciniz.com/urun/603/suspansiyon-korugu-scania-g420-r420-arka-y-m-424933-c-ekersan","Gercek urun fotosu veya kategoriye uygun AI urun gorseli hazirla"
"604","424930.CP","Süspansiyon Körüğü 424930 CP","Süspansiyon Körüğü","SÜSP. KÖRÜĞÜ","48","2640","1434930 , 1932592 ,2617884","https://www.frenciniz.com/urun/604/suspansiyon-korugu-424930-cp-424930-cp-ekersan","Gercek urun fotosu veya kategoriye uygun AI urun gorseli hazirla"
"612","424713.C","Süspansiyon Körüğü 424713 C","Süspansiyon Körüğü","SÜSP. KÖRÜĞÜ","139","3036","20554755 , MLF7098 , MLF7098","https://www.frenciniz.com/urun/612/suspansiyon-korugu-424713-c-424713-c-ekersan","Gercek urun fotosu veya kategoriye uygun AI urun gorseli hazirla"
"613","424156.C","Süspansiyon Körüğü Fruehauf SMB","Süspansiyon Körüğü","SÜSP. KÖRÜĞÜ","34","3036","","https://www.frenciniz.com/urun/613/suspansiyon-korugu-fruehauf-smb-424156-c-ekersan","Gercek urun fotosu veya kategoriye uygun AI urun gorseli hazirla"
"616","424881.S","Süspansiyon Körüğü SAF Holland","Süspansiyon Körüğü","SÜSP. KÖRÜĞÜ","97","2145","0542941010","https://www.frenciniz.com/urun/616/suspansiyon-korugu-saf-holland-424881-s-ekersan","Gercek urun fotosu veya kategoriye uygun AI urun gorseli hazirla"
"630","42810.C1","Süspansiyon Körüğü 42810 C1","Süspansiyon Körüğü","SÜSP. KÖRÜĞÜ","7","3168","016010","https://www.frenciniz.com/urun/630/suspansiyon-korugu-42810-c1-42810-c1-ekersan","Gercek urun fotosu veya kategoriye uygun AI urun gorseli hazirla"
"631","42722.S","Süspansiyon Körüğü BMC Probus Profesyonel Fatih Pro","Süspansiyon Körüğü","SÜSP. KÖRÜĞÜ","28","2112","","https://www.frenciniz.com/urun/631/suspansiyon-korugu-bmc-probus-profesyonel-fatih-pro-42722-s-ekersan","Gercek urun fotosu veya kategoriye uygun AI urun gorseli hazirla"
"643","EYD 206 14","Fren Pabucu Mercedes Actros Axor 1840 3340 4140","Fren Pabucu","FREN PABUÇLARI","190","231","","https://www.frenciniz.com/urun/643/fren-pabucu-mercedes-actros-axor-1840-3340-4140-eyd-206-14-ekersan","Gercek urun fotosu veya kategoriye uygun AI urun gorseli hazirla"
"650","422211.P02","Süspansiyon Körüğü 422211 P02","Süspansiyon Körüğü","SÜSP. KÖRÜĞÜ","144","1056","","https://www.frenciniz.com/urun/650/suspansiyon-korugu-422211-p02-422211-p02-ekersan","Gercek urun fotosu veya kategoriye uygun AI urun gorseli hazirla"
"662","8115","Fren Körüğü Disk imdatlı körüğü Kampana imdatlı körüğü körüğü","Fren Körüğü","FREN KÖRÜKLERİ","124","3630","","https://www.frenciniz.com/urun/662/fren-korugu-disk-imdatli-korugu-kampana-imdatli-korugu-korugu-8115-ekersan","Gercek urun fotosu veya kategoriye uygun AI urun gorseli hazirla"
"663","8114","Fren Körüğü Disk imdatlı körüğü Kampana imdatlı körüğü körüğü","Fren Körüğü","FREN KÖRÜKLERİ","58","3630","","https://www.frenciniz.com/urun/663/fren-korugu-disk-imdatli-korugu-kampana-imdatli-korugu-korugu-8114-ekersan","Gercek urun fotosu veya kategoriye uygun AI urun gorseli hazirla"
"664","8113","Fren Körüğü Disk imdatlı körüğü Kampana imdatlı körüğü körüğü","Fren Körüğü","FREN KÖRÜKLERİ","4","3630","","https://www.frenciniz.com/urun/664/fren-korugu-disk-imdatli-korugu-kampana-imdatli-korugu-korugu-8113-ekersan","Gercek urun fotosu veya kategoriye uygun AI urun gorseli hazirla"
"704","424915.S","Süspansiyon Körüğü 424915 S","Süspansiyon Körüğü","SÜSP. KÖRÜĞÜ","18","2640","5001855856","https://www.frenciniz.com/urun/704/suspansiyon-korugu-424915-s-424915-s-ekersan","Gercek urun fotosu veya kategoriye uygun AI urun gorseli hazirla"
"706","ESP.22.04.02","Porya ESP 22 04 02","Porya","PORYA","3","5616.6","","https://www.frenciniz.com/urun/706/porya-esp-22-04-02-esp-22-04-02-ekersan","Gercek urun fotosu veya kategoriye uygun AI urun gorseli hazirla"
"746","ESP.16.29","Porya ESP 16 29","Porya","PORYA","4","6375.6","","https://www.frenciniz.com/urun/746/porya-esp-16-29-esp-16-29-ekersan","Gercek urun fotosu veya kategoriye uygun AI urun gorseli hazirla"
"747","ESP.16.25","Porya ESP 16 25","Porya","PORYA","1","8045.4","","https://www.frenciniz.com/urun/747/porya-esp-16-25-esp-16-25-ekersan","Gercek urun fotosu veya kategoriye uygun AI urun gorseli hazirla"
"774","EYD 92 03","Bijon Somunu SAF Holland Sol","Somun / Cıvata","BİJON","177","415.8","","https://www.frenciniz.com/urun/774/bijon-somunu-saf-holland-sol-eyd-92-03-ekersan","Gercek urun fotosu veya kategoriye uygun AI urun gorseli hazirla"
"795","EYD 80 07","Fren Pabucu SAF Holland 18 cm","Fren Pabucu","FREN PABUÇLARI","30","1518","(A) G4 - 3054.0120.00","https://www.frenciniz.com/urun/795/fren-pabucu-saf-holland-18-cm-eyd-80-07-ekersan","Gercek urun fotosu veya kategoriye uygun AI urun gorseli hazirla"
"797","EYD 80 05","Fren Pabucu Fruehauf SMB 20 cm","Fren Pabucu","FREN PABUÇLARI","20","1221","","https://www.frenciniz.com/urun/797/fren-pabucu-fruehauf-smb-20-cm-eyd-80-05-ekersan","Gercek urun fotosu veya kategoriye uygun AI urun gorseli hazirla"
"832","EYD 500 05-2-2","Körük Lastiği Disk imdatlı körüğü Kampana imdatlı körüğü körüğü Y.M","Lastik","FREN KÖRÜKLERİ","837","13.2","","https://www.frenciniz.com/urun/832/koruk-lastigi-disk-imdatli-korugu-kampana-imdatli-korugu-korugu-y-m-eyd-500-05-2-2-ekersan","Gercek urun fotosu veya kategoriye uygun AI urun gorseli hazirla"
"850","EYD 206 09","Fren Pabucu MAN TGA TGS TGX 40.360 40.460 22 cm SAĞ","Fren Pabucu","FREN PABUÇLARI","18","2211","(A) D3","https://www.frenciniz.com/urun/850/fren-pabucu-man-tga-tgs-tgx-40-360-40-460-22-cm-sag-eyd-206-09-ekersan","Gercek urun fotosu veya kategoriye uygun AI urun gorseli hazirla"
"852","EYD 206 06","Fren Pabucu Mercedes Actros Axor 1840 3340 4140 16 cm","Fren Pabucu","FREN PABUÇLARI","12","2145","(A) D3 - 393.420.07.19","https://www.frenciniz.com/urun/852/fren-pabucu-mercedes-actros-axor-1840-3340-4140-16-cm-eyd-206-06-ekersan","Gercek urun fotosu veya kategoriye uygun AI urun gorseli hazirla"
"854","EYD 206 04","Fren Pabucu Ford Cargo 1833 1846 2532 3232 5 cm","Fren Pabucu","FREN PABUÇLARI","2","924","","https://www.frenciniz.com/urun/854/fren-pabucu-ford-cargo-1833-1846-2532-3232-5-cm-eyd-206-04-ekersan","Gercek urun fotosu veya kategoriye uygun AI urun gorseli hazirla"
"866","EYD 100 71","Fren Körüğü Disk imdatlı körüğü Kampana imdatlı körüğü körüğü","Fren Körüğü","FREN KÖRÜKLERİ","287","462","","https://www.frenciniz.com/urun/866/fren-korugu-disk-imdatli-korugu-kampana-imdatli-korugu-korugu-eyd-100-71-ekersan","Gercek urun fotosu veya kategoriye uygun AI urun gorseli hazirla"
"895","42722.C","Süspansiyon Körüğü BMC Probus Profesyonel Fatih Pro","Süspansiyon Körüğü","SÜSP. KÖRÜĞÜ","41","4092","","https://www.frenciniz.com/urun/895/suspansiyon-korugu-bmc-probus-profesyonel-fatih-pro-42722-c-ekersan","Gercek urun fotosu veya kategoriye uygun AI urun gorseli hazirla"
"901","424915.C","Süspansiyon Körüğü Volvo FH FM FL","Süspansiyon Körüğü","SÜSP. KÖRÜĞÜ","14","4026","20757541 , 20757541 , 20757541 , 20757541","https://www.frenciniz.com/urun/901/suspansiyon-korugu-volvo-fh-fm-fl-424915-c-ekersan","Gercek urun fotosu veya kategoriye uygun AI urun gorseli hazirla"
"910","424718.S","Süspansiyon Körüğü 424718 S","Süspansiyon Körüğü","SÜSP. KÖRÜĞÜ","84","1617","","https://www.frenciniz.com/urun/910/suspansiyon-korugu-424718-s-424718-s-ekersan","Gercek urun fotosu veya kategoriye uygun AI urun gorseli hazirla"
"940","ESS 025 20-3","Bijon Somunu ESS 025 20 3","Somun / Cıvata","BİJON","55436","73.37","","https://www.frenciniz.com/urun/940/bijon-somunu-ess-025-20-3-ess-025-20-3-ekersan","Gercek urun fotosu veya kategoriye uygun AI urun gorseli hazirla"
"946","ESP.22.08","Porya E.M","Porya","PORYA","1","4488","","https://www.frenciniz.com/urun/946/porya-e-m-esp-22-08-ekersan","Gercek urun fotosu veya kategoriye uygun AI urun gorseli hazirla"
"947","ESP.22.06.01","Porya ESP 22 06 01","Porya","PORYA","1","6527.4","","https://www.frenciniz.com/urun/947/porya-esp-22-06-01-esp-22-06-01-ekersan","Gercek urun fotosu veya kategoriye uygun AI urun gorseli hazirla"
"948","ESP.22.05.01","Porya ESP 22 05 01","Porya","PORYA","1","6375.6","","https://www.frenciniz.com/urun/948/porya-esp-22-05-01-esp-22-05-01-ekersan","Gercek urun fotosu veya kategoriye uygun AI urun gorseli hazirla"
"949","ESP.22.04.01","Porya ESP 22 04 01","Porya","PORYA","3","6375.6","","https://www.frenciniz.com/urun/949/porya-esp-22-04-01-esp-22-04-01-ekersan","Gercek urun fotosu veya kategoriye uygun AI urun gorseli hazirla"
"950","ESP.22.03.01","Porya ESP 22 03 01","Porya","PORYA","4","7134.6","","https://www.frenciniz.com/urun/950/porya-esp-22-03-01-esp-22-03-01-ekersan","Gercek urun fotosu veya kategoriye uygun AI urun gorseli hazirla"
"952","8138","Fren Körüğü Disk imdatlı körüğü Kampana imdatlı körüğü körüğü","Fren Körüğü","FREN KÖRÜKLERİ","797","2772","","https://www.frenciniz.com/urun/952/fren-korugu-disk-imdatli-korugu-kampana-imdatli-korugu-korugu-8138-ekersan","Gercek urun fotosu veya kategoriye uygun AI urun gorseli hazirla"
"954","8131","Fren Körüğü Disk imdatlı körüğü Kampana imdatlı körüğü körüğü","Fren Körüğü","FREN KÖRÜKLERİ","1351","1320","","https://www.frenciniz.com/urun/954/fren-korugu-disk-imdatli-korugu-kampana-imdatli-korugu-korugu-8131-ekersan","Gercek urun fotosu veya kategoriye uygun AI urun gorseli hazirla"
"955","8129","Fren Körüğü Disk imdatlı körüğü Kampana imdatlı körüğü körüğü","Fren Körüğü","FREN KÖRÜKLERİ","751","1320","","https://www.frenciniz.com/urun/955/fren-korugu-disk-imdatli-korugu-kampana-imdatli-korugu-korugu-8129-ekersan","Gercek urun fotosu veya kategoriye uygun AI urun gorseli hazirla"
"956","8127","Fren Körüğü Ford Cargo 1833 1846 2532 3232","Fren Körüğü","FREN KÖRÜKLERİ","38","3168","(A) A2","https://www.frenciniz.com/urun/956/fren-korugu-ford-cargo-1833-1846-2532-3232-8127-ekersan","Gercek urun fotosu veya kategoriye uygun AI urun gorseli hazirla"
"1017","42325/1-300","Disk Balatası MAN TGA TGS TGX 40.360 40.460","Fren Balatası","BALATA","16","2059.2","29279","https://www.frenciniz.com/urun/1017/disk-balatasi-man-tga-tgs-tgx-40-360-40-460-42325-1-300-ekersan","Gercek urun fotosu veya kategoriye uygun AI urun gorseli hazirla"