"title","url","text"
"Mercedes Axor Actros balata","https://www.frenciniz.com/29246-mercedes-axor-actros-fren-balatasi?utm_source=facebook&utm_medium=group_post&utm_campaign=today_sales","Mercedes Axor / Actros fren balatasi arayanlar: 29246, 0064201420, 0064205220 kodlari icin stok, fiyat ve uyumluluk teyidi alabilirsiniz. Eski parca fotografi veya sase ile kontrol ediyoruz."
"Mercedes Axor Actros disk","https://www.frenciniz.com/9424212112-mercedes-axor-actros-fren-diski?utm_source=facebook&utm_medium=group_post&utm_campaign=today_sales","Mercedes Axor / Actros fren diski icin 9424212112 ve muadil kodlarda stok/fiyat sorabilirsiniz. OEM kodu veya eski parca fotosu ile dogru parca teyidi yapiyoruz."
"BPW Kogel Krone dorse disk","https://www.frenciniz.com/0308835057-bpw-kogel-krone-dorse-fren-diski?utm_source=facebook&utm_medium=group_post&utm_campaign=today_sales","BPW, Kogel, Krone dorse fren diski icin 0308835057 ve muadil kodlarda stok/fiyat teyidi. Dorse/Treyler parcalarinda eski parca koduyla hizli teklif."
"MAN TGA TGS TGX balata","https://www.frenciniz.com/29279-man-tga-tgs-tgx-fren-balatasi?utm_source=facebook&utm_medium=group_post&utm_campaign=today_sales","MAN TGA / TGS / TGX fren balatasi 29279 ve muadil kodlarda fiyat/stok sorabilirsiniz. Uyum icin OEM, sase veya eski parca fotografi yeterli."
"Scania suspansiyon korugu","https://www.frenciniz.com/1903608-scania-pgr-suspansiyon-korugu?utm_source=facebook&utm_medium=group_post&utm_campaign=today_sales","Scania P/G/R suspansiyon korugu 1903608, 1774804, 2198915 kodlari icin stok ve fiyat teyidi. Eski parca fotografiyla uyum kontrolu yapilir."
"Axor 1840 balata","https://www.frenciniz.com/axor-1840-balata?utm_source=facebook&utm_medium=group_post&utm_campaign=today_sales","Axor 1840 fren balatasi arayanlar icin stoklu urun ve muadil secenekler. Kod, sase veya fotograf gonderin; dogru parcayi teyit edelim."
"Axor 1840 disk","https://www.frenciniz.com/axor-1840-fren-diski?utm_source=facebook&utm_medium=group_post&utm_campaign=today_sales","Axor 1840 fren diski icin fiyat/stok ve uyumluluk teyidi. OEM kodu veya eski parca fotografi ile hizli kontrol."
"Dorse kampana","https://www.frenciniz.com/bpw-dorse-fren-kampanasi?utm_source=facebook&utm_medium=group_post&utm_campaign=today_sales","BPW / SAF / Krone / Kogel / Tirsan dorse fren kampanasi icin stok ve fiyat sorabilirsiniz. Olcu ve kodla dogru parca teyidi."
"Fren diskleri genel","https://www.frenciniz.com/fren-diski?utm_source=facebook&utm_medium=group_post&utm_campaign=today_sales","Kamyon, tir, otobus ve dorse fren diski gruplarinda OEM kodu, sase veya eski parca fotografiyla fiyat/stok/uyumluluk teyidi."
"Fren balatalari genel","https://www.frenciniz.com/fren-balatasi?utm_source=facebook&utm_medium=group_post&utm_campaign=today_sales","Agir vasita fren balatalarinda Mercedes, MAN, Scania, Volvo, BPW, SAF ve dorse gruplari icin kodla hizli teklif."